,X,Y,Regiao,mcirc,municipio,RISP,AISP_COMP,DP,ano,mes,TIPO,Ocorrencias,Objectid
2704,-43.03652377599997,-22.79911572399993,Grande Niterói,3304904,São Gonçalo,4,7,72,2018,1,aaapai_cmba,8.0,218642
2705,-43.07746695999998,-22.830884117999968,Grande Niterói,3304904,São Gonçalo,4,7,73,2018,1,aaapai_cmba,14.0,218692
2706,-42.970366384999984,-22.796232407999984,Grande Niterói,3304904,São Gonçalo,4,7,74,2018,1,aaapai_cmba,12.0,218742
2707,-42.97640571299996,-22.860173744999944,Grande Niterói,3304904,São Gonçalo,4,7,75,2018,1,aaapai_cmba,2.0,218792
2708,-43.03652377599997,-22.79911572399993,Grande Niterói,3304904,São Gonçalo,4,7,72,2018,2,aaapai_cmba,3.0,218842
2709,-43.07746695999998,-22.830884117999968,Grande Niterói,3304904,São Gonçalo,4,7,73,2018,2,aaapai_cmba,3.0,218892
2710,-42.970366384999984,-22.796232407999984,Grande Niterói,3304904,São Gonçalo,4,7,74,2018,2,aaapai_cmba,8.0,218942
2711,-42.97640571299996,-22.860173744999944,Grande Niterói,3304904,São Gonçalo,4,7,75,2018,2,aaapai_cmba,3.0,218992
2712,-43.03652377599997,-22.79911572399993,Grande Niterói,3304904,São Gonçalo,4,7,72,2018,3,aaapai_cmba,11.0,219042
2713,-43.07746695999998,-22.830884117999968,Grande Niterói,3304904,São Gonçalo,4,7,73,2018,3,aaapai_cmba,6.0,219092
2714,-42.970366384999984,-22.796232407999984,Grande Niterói,3304904,São Gonçalo,4,7,74,2018,3,aaapai_cmba,10.0,219142
2715,-42.97640571299996,-22.860173744999944,Grande Niterói,3304904,São Gonçalo,4,7,75,2018,3,aaapai_cmba,3.0,219192
2716,-43.03652377599997,-22.79911572399993,Grande Niterói,3304904,São Gonçalo,4,7,72,2018,4,aaapai_cmba,6.0,219242
2717,-43.07746695999998,-22.830884117999968,Grande Niterói,3304904,São Gonçalo,4,7,73,2018,4,aaapai_cmba,4.0,219292
2718,-42.970366384999984,-22.796232407999984,Grande Niterói,3304904,São Gonçalo,4,7,74,2018,4,aaapai_cmba,20.0,219342
2719,-42.97640571299996,-22.860173744999944,Grande Niterói,3304904,São Gonçalo,4,7,75,2018,4,aaapai_cmba,9.0,219392
21063,-43.03652377599997,-22.79911572399993,Grande Niterói,3304904,São Gonçalo,4,7,72,2018,1,ameaca,65.0,218643
21064,-43.07746695999998,-22.830884117999968,Grande Niterói,3304904,São Gonçalo,4,7,73,2018,1,ameaca,69.0,218693
21065,-42.970366384999984,-22.796232407999984,Grande Niterói,3304904,São Gonçalo,4,7,74,2018,1,ameaca,52.0,218743
21066,-42.97640571299996,-22.860173744999944,Grande Niterói,3304904,São Gonçalo,4,7,75,2018,1,ameaca,20.0,218793
21067,-43.03652377599997,-22.79911572399993,Grande Niterói,3304904,São Gonçalo,4,7,72,2018,2,ameaca,48.0,218843
21068,-43.07746695999998,-22.830884117999968,Grande Niterói,3304904,São Gonçalo,4,7,73,2018,2,ameaca,37.0,218893
21069,-42.970366384999984,-22.796232407999984,Grande Niterói,3304904,São Gonçalo,4,7,74,2018,2,ameaca,34.0,218943
21070,-42.97640571299996,-22.860173744999944,Grande Niterói,3304904,São Gonçalo,4,7,75,2018,2,ameaca,30.0,218993
21071,-43.03652377599997,-22.79911572399993,Grande Niterói,3304904,São Gonçalo,4,7,72,2018,3,ameaca,60.0,219043
21072,-43.07746695999998,-22.830884117999968,Grande Niterói,3304904,São Gonçalo,4,7,73,2018,3,ameaca,42.0,219093
21073,-42.970366384999984,-22.796232407999984,Grande Niterói,3304904,São Gonçalo,4,7,74,2018,3,ameaca,58.0,219143
21074,-42.97640571299996,-22.860173744999944,Grande Niterói,3304904,São Gonçalo,4,7,75,2018,3,ameaca,25.0,219193
21075,-43.03652377599997,-22.79911572399993,Grande Niterói,3304904,São Gonçalo,4,7,72,2018,4,ameaca,49.0,219243
21076,-43.07746695999998,-22.830884117999968,Grande Niterói,3304904,São Gonçalo,4,7,73,2018,4,ameaca,44.0,219293
21077,-42.970366384999984,-22.796232407999984,Grande Niterói,3304904,São Gonçalo,4,7,74,2018,4,ameaca,30.0,219343
21078,-42.97640571299996,-22.860173744999944,Grande Niterói,3304904,São Gonçalo,4,7,75,2018,4,ameaca,39.0,219393
39422,-43.03652377599997,-22.79911572399993,Grande Niterói,3304904,São Gonçalo,4,7,72,2018,1,apf_cmp,46.0,218639
39423,-43.07746695999998,-22.830884117999968,Grande Niterói,3304904,São Gonçalo,4,7,73,2018,1,apf_cmp,53.0,218689
39424,-42.970366384999984,-22.796232407999984,Grande Niterói,3304904,São Gonçalo,4,7,74,2018,1,apf_cmp,71.0,218739
39425,-42.97640571299996,-22.860173744999944,Grande Niterói,3304904,São Gonçalo,4,7,75,2018,1,apf_cmp,7.0,218789
39426,-43.03652377599997,-22.79911572399993,Grande Niterói,3304904,São Gonçalo,4,7,72,2018,2,apf_cmp,32.0,218839
39427,-43.07746695999998,-22.830884117999968,Grande Niterói,3304904,São Gonçalo,4,7,73,2018,2,apf_cmp,33.0,218889
39428,-42.970366384999984,-22.796232407999984,Grande Niterói,3304904,São Gonçalo,4,7,74,2018,2,apf_cmp,61.0,218939
39429,-42.97640571299996,-22.860173744999944,Grande Niterói,3304904,São Gonçalo,4,7,75,2018,2,apf_cmp,18.0,218989
39430,-43.03652377599997,-22.79911572399993,Grande Niterói,3304904,São Gonçalo,4,7,72,2018,3,apf_cmp,50.0,219039
39431,-43.07746695999998,-22.830884117999968,Grande Niterói,3304904,São Gonçalo,4,7,73,2018,3,apf_cmp,29.0,219089
39432,-42.970366384999984,-22.796232407999984,Grande Niterói,3304904,São Gonçalo,4,7,74,2018,3,apf_cmp,70.0,219139
39433,-42.97640571299996,-22.860173744999944,Grande Niterói,3304904,São Gonçalo,4,7,75,2018,3,apf_cmp,22.0,219189
39434,-43.03652377599997,-22.79911572399993,Grande Niterói,3304904,São Gonçalo,4,7,72,2018,4,apf_cmp,53.0,219239
39435,-43.07746695999998,-22.830884117999968,Grande Niterói,3304904,São Gonçalo,4,7,73,2018,4,apf_cmp,24.0,219289
39436,-42.970366384999984,-22.796232407999984,Grande Niterói,3304904,São Gonçalo,4,7,74,2018,4,apf_cmp,65.0,219339
39437,-42.97640571299996,-22.860173744999944,Grande Niterói,3304904,São Gonçalo,4,7,75,2018,4,apf_cmp,27.0,219389
57781,-43.03652377599997,-22.79911572399993,Grande Niterói,3304904,São Gonçalo,4,7,72,2018,1,apreensao_drogas,14.0,218634
57782,-43.07746695999998,-22.830884117999968,Grande Niterói,3304904,São Gonçalo,4,7,73,2018,1,apreensao_drogas,11.0,218684
57783,-42.970366384999984,-22.796232407999984,Grande Niterói,3304904,São Gonçalo,4,7,74,2018,1,apreensao_drogas,24.0,218734
57784,-42.97640571299996,-22.860173744999944,Grande Niterói,3304904,São Gonçalo,4,7,75,2018,1,apreensao_drogas,6.0,218784
57785,-43.03652377599997,-22.79911572399993,Grande Niterói,3304904,São Gonçalo,4,7,72,2018,2,apreensao_drogas,10.0,218834
57786,-43.07746695999998,-22.830884117999968,Grande Niterói,3304904,São Gonçalo,4,7,73,2018,2,apreensao_drogas,13.0,218884
57787,-42.970366384999984,-22.796232407999984,Grande Niterói,3304904,São Gonçalo,4,7,74,2018,2,apreensao_drogas,16.0,218934
57788,-42.97640571299996,-22.860173744999944,Grande Niterói,3304904,São Gonçalo,4,7,75,2018,2,apreensao_drogas,12.0,218984
57789,-43.03652377599997,-22.79911572399993,Grande Niterói,3304904,São Gonçalo,4,7,72,2018,3,apreensao_drogas,10.0,219034
57790,-43.07746695999998,-22.830884117999968,Grande Niterói,3304904,São Gonçalo,4,7,73,2018,3,apreensao_drogas,10.0,219084
57791,-42.970366384999984,-22.796232407999984,Grande Niterói,3304904,São Gonçalo,4,7,74,2018,3,apreensao_drogas,18.0,219134
57792,-42.97640571299996,-22.860173744999944,Grande Niterói,3304904,São Gonçalo,4,7,75,2018,3,apreensao_drogas,7.0,219184
57793,-43.03652377599997,-22.79911572399993,Grande Niterói,3304904,São Gonçalo,4,7,72,2018,4,apreensao_drogas,20.0,219234
57794,-43.07746695999998,-22.830884117999968,Grande Niterói,3304904,São Gonçalo,4,7,73,2018,4,apreensao_drogas,7.0,219284
57795,-42.970366384999984,-22.796232407999984,Grande Niterói,3304904,São Gonçalo,4,7,74,2018,4,apreensao_drogas,21.0,219334
57796,-42.97640571299996,-22.860173744999944,Grande Niterói,3304904,São Gonçalo,4,7,75,2018,4,apreensao_drogas,8.0,219384
76140,-43.03652377599997,-22.79911572399993,Grande Niterói,3304904,São Gonçalo,4,7,72,2018,1,apreensoes,,218640
76141,-43.07746695999998,-22.830884117999968,Grande Niterói,3304904,São Gonçalo,4,7,73,2018,1,apreensoes,,218690
76142,-42.970366384999984,-22.796232407999984,Grande Niterói,3304904,São Gonçalo,4,7,74,2018,1,apreensoes,,218740
76143,-42.97640571299996,-22.860173744999944,Grande Niterói,3304904,São Gonçalo,4,7,75,2018,1,apreensoes,,218790
76144,-43.03652377599997,-22.79911572399993,Grande Niterói,3304904,São Gonçalo,4,7,72,2018,2,apreensoes,,218840
76145,-43.07746695999998,-22.830884117999968,Grande Niterói,3304904,São Gonçalo,4,7,73,2018,2,apreensoes,,218890
76146,-42.970366384999984,-22.796232407999984,Grande Niterói,3304904,São Gonçalo,4,7,74,2018,2,apreensoes,,218940
76147,-42.97640571299996,-22.860173744999944,Grande Niterói,3304904,São Gonçalo,4,7,75,2018,2,apreensoes,,218990
76148,-43.03652377599997,-22.79911572399993,Grande Niterói,3304904,São Gonçalo,4,7,72,2018,3,apreensoes,,219040
76149,-43.07746695999998,-22.830884117999968,Grande Niterói,3304904,São Gonçalo,4,7,73,2018,3,apreensoes,,219090
76150,-42.970366384999984,-22.796232407999984,Grande Niterói,3304904,São Gonçalo,4,7,74,2018,3,apreensoes,,219140
76151,-42.97640571299996,-22.860173744999944,Grande Niterói,3304904,São Gonçalo,4,7,75,2018,3,apreensoes,,219190
76152,-43.03652377599997,-22.79911572399993,Grande Niterói,3304904,São Gonçalo,4,7,72,2018,4,apreensoes,0.0,219240
76153,-43.07746695999998,-22.830884117999968,Grande Niterói,3304904,São Gonçalo,4,7,73,2018,4,apreensoes,0.0,219290
76154,-42.970366384999984,-22.796232407999984,Grande Niterói,3304904,São Gonçalo,4,7,74,2018,4,apreensoes,0.0,219340
76155,-42.97640571299996,-22.860173744999944,Grande Niterói,3304904,São Gonçalo,4,7,75,2018,4,apreensoes,0.0,219390
94499,-43.03652377599997,-22.79911572399993,Grande Niterói,3304904,São Gonçalo,4,7,72,2018,1,armas_apreendidas,,218653
94500,-43.07746695999998,-22.830884117999968,Grande Niterói,3304904,São Gonçalo,4,7,73,2018,1,armas_apreendidas,,218703
94501,-42.970366384999984,-22.796232407999984,Grande Niterói,3304904,São Gonçalo,4,7,74,2018,1,armas_apreendidas,,218753
94502,-42.97640571299996,-22.860173744999944,Grande Niterói,3304904,São Gonçalo,4,7,75,2018,1,armas_apreendidas,,218803
94503,-43.03652377599997,-22.79911572399993,Grande Niterói,3304904,São Gonçalo,4,7,72,2018,2,armas_apreendidas,,218853
94504,-43.07746695999998,-22.830884117999968,Grande Niterói,3304904,São Gonçalo,4,7,73,2018,2,armas_apreendidas,,218903
94505,-42.970366384999984,-22.796232407999984,Grande Niterói,3304904,São Gonçalo,4,7,74,2018,2,armas_apreendidas,,218953
94506,-42.97640571299996,-22.860173744999944,Grande Niterói,3304904,São Gonçalo,4,7,75,2018,2,armas_apreendidas,,219003
94507,-43.03652377599997,-22.79911572399993,Grande Niterói,3304904,São Gonçalo,4,7,72,2018,3,armas_apreendidas,,219053
94508,-43.07746695999998,-22.830884117999968,Grande Niterói,3304904,São Gonçalo,4,7,73,2018,3,armas_apreendidas,,219103
94509,-42.970366384999984,-22.796232407999984,Grande Niterói,3304904,São Gonçalo,4,7,74,2018,3,armas_apreendidas,,219153
94510,-42.97640571299996,-22.860173744999944,Grande Niterói,3304904,São Gonçalo,4,7,75,2018,3,armas_apreendidas,,219203
94511,-43.03652377599997,-22.79911572399993,Grande Niterói,3304904,São Gonçalo,4,7,72,2018,4,armas_apreendidas,,219253
94512,-43.07746695999998,-22.830884117999968,Grande Niterói,3304904,São Gonçalo,4,7,73,2018,4,armas_apreendidas,,219303
94513,-42.970366384999984,-22.796232407999984,Grande Niterói,3304904,São Gonçalo,4,7,74,2018,4,armas_apreendidas,,219353
94514,-42.97640571299996,-22.860173744999944,Grande Niterói,3304904,São Gonçalo,4,7,75,2018,4,armas_apreendidas,,219403
112858,-43.03652377599997,-22.79911572399993,Grande Niterói,3304904,São Gonçalo,4,7,72,2018,1,cump_mandado_prisao,8.0,218636
112859,-43.07746695999998,-22.830884117999968,Grande Niterói,3304904,São Gonçalo,4,7,73,2018,1,cump_mandado_prisao,13.0,218686
112860,-42.970366384999984,-22.796232407999984,Grande Niterói,3304904,São Gonçalo,4,7,74,2018,1,cump_mandado_prisao,6.0,218736
112861,-42.97640571299996,-22.860173744999944,Grande Niterói,3304904,São Gonçalo,4,7,75,2018,1,cump_mandado_prisao,0.0,218786
112862,-43.03652377599997,-22.79911572399993,Grande Niterói,3304904,São Gonçalo,4,7,72,2018,2,cump_mandado_prisao,7.0,218836
112863,-43.07746695999998,-22.830884117999968,Grande Niterói,3304904,São Gonçalo,4,7,73,2018,2,cump_mandado_prisao,8.0,218886
112864,-42.970366384999984,-22.796232407999984,Grande Niterói,3304904,São Gonçalo,4,7,74,2018,2,cump_mandado_prisao,15.0,218936
112865,-42.97640571299996,-22.860173744999944,Grande Niterói,3304904,São Gonçalo,4,7,75,2018,2,cump_mandado_prisao,1.0,218986
112866,-43.03652377599997,-22.79911572399993,Grande Niterói,3304904,São Gonçalo,4,7,72,2018,3,cump_mandado_prisao,14.0,219036
112867,-43.07746695999998,-22.830884117999968,Grande Niterói,3304904,São Gonçalo,4,7,73,2018,3,cump_mandado_prisao,4.0,219086
112868,-42.970366384999984,-22.796232407999984,Grande Niterói,3304904,São Gonçalo,4,7,74,2018,3,cump_mandado_prisao,18.0,219136
112869,-42.97640571299996,-22.860173744999944,Grande Niterói,3304904,São Gonçalo,4,7,75,2018,3,cump_mandado_prisao,3.0,219186
112870,-43.03652377599997,-22.79911572399993,Grande Niterói,3304904,São Gonçalo,4,7,72,2018,4,cump_mandado_prisao,12.0,219236
112871,-43.07746695999998,-22.830884117999968,Grande Niterói,3304904,São Gonçalo,4,7,73,2018,4,cump_mandado_prisao,5.0,219286
112872,-42.970366384999984,-22.796232407999984,Grande Niterói,3304904,São Gonçalo,4,7,74,2018,4,cump_mandado_prisao,8.0,219336
112873,-42.97640571299996,-22.860173744999944,Grande Niterói,3304904,São Gonçalo,4,7,75,2018,4,cump_mandado_prisao,5.0,219386
131217,-43.03652377599997,-22.79911572399993,Grande Niterói,3304904,São Gonçalo,4,7,72,2018,1,encontro_cadaver,1.0,218645
131218,-43.07746695999998,-22.830884117999968,Grande Niterói,3304904,São Gonçalo,4,7,73,2018,1,encontro_cadaver,0.0,218695
131219,-42.970366384999984,-22.796232407999984,Grande Niterói,3304904,São Gonçalo,4,7,74,2018,1,encontro_cadaver,1.0,218745
131220,-42.97640571299996,-22.860173744999944,Grande Niterói,3304904,São Gonçalo,4,7,75,2018,1,encontro_cadaver,0.0,218795
131221,-43.03652377599997,-22.79911572399993,Grande Niterói,3304904,São Gonçalo,4,7,72,2018,2,encontro_cadaver,0.0,218845
131222,-43.07746695999998,-22.830884117999968,Grande Niterói,3304904,São Gonçalo,4,7,73,2018,2,encontro_cadaver,0.0,218895
131223,-42.970366384999984,-22.796232407999984,Grande Niterói,3304904,São Gonçalo,4,7,74,2018,2,encontro_cadaver,1.0,218945
131224,-42.97640571299996,-22.860173744999944,Grande Niterói,3304904,São Gonçalo,4,7,75,2018,2,encontro_cadaver,1.0,218995
131225,-43.03652377599997,-22.79911572399993,Grande Niterói,3304904,São Gonçalo,4,7,72,2018,3,encontro_cadaver,1.0,219045
131226,-43.07746695999998,-22.830884117999968,Grande Niterói,3304904,São Gonçalo,4,7,73,2018,3,encontro_cadaver,0.0,219095
131227,-42.970366384999984,-22.796232407999984,Grande Niterói,3304904,São Gonçalo,4,7,74,2018,3,encontro_cadaver,1.0,219145
131228,-42.97640571299996,-22.860173744999944,Grande Niterói,3304904,São Gonçalo,4,7,75,2018,3,encontro_cadaver,0.0,219195
131229,-43.03652377599997,-22.79911572399993,Grande Niterói,3304904,São Gonçalo,4,7,72,2018,4,encontro_cadaver,0.0,219245
131230,-43.07746695999998,-22.830884117999968,Grande Niterói,3304904,São Gonçalo,4,7,73,2018,4,encontro_cadaver,0.0,219295
131231,-42.970366384999984,-22.796232407999984,Grande Niterói,3304904,São Gonçalo,4,7,74,2018,4,encontro_cadaver,0.0,219345
131232,-42.97640571299996,-22.860173744999944,Grande Niterói,3304904,São Gonçalo,4,7,75,2018,4,encontro_cadaver,1.0,219395
149576,-43.03652377599997,-22.79911572399993,Grande Niterói,3304904,São Gonçalo,4,7,72,2018,1,encontro_ossada,0.0,218646
149577,-43.07746695999998,-22.830884117999968,Grande Niterói,3304904,São Gonçalo,4,7,73,2018,1,encontro_ossada,0.0,218696
149578,-42.970366384999984,-22.796232407999984,Grande Niterói,3304904,São Gonçalo,4,7,74,2018,1,encontro_ossada,0.0,218746
149579,-42.97640571299996,-22.860173744999944,Grande Niterói,3304904,São Gonçalo,4,7,75,2018,1,encontro_ossada,0.0,218796
149580,-43.03652377599997,-22.79911572399993,Grande Niterói,3304904,São Gonçalo,4,7,72,2018,2,encontro_ossada,0.0,218846
149581,-43.07746695999998,-22.830884117999968,Grande Niterói,3304904,São Gonçalo,4,7,73,2018,2,encontro_ossada,0.0,218896
149582,-42.970366384999984,-22.796232407999984,Grande Niterói,3304904,São Gonçalo,4,7,74,2018,2,encontro_ossada,0.0,218946
149583,-42.97640571299996,-22.860173744999944,Grande Niterói,3304904,São Gonçalo,4,7,75,2018,2,encontro_ossada,0.0,218996
149584,-43.03652377599997,-22.79911572399993,Grande Niterói,3304904,São Gonçalo,4,7,72,2018,3,encontro_ossada,0.0,219046
149585,-43.07746695999998,-22.830884117999968,Grande Niterói,3304904,São Gonçalo,4,7,73,2018,3,encontro_ossada,0.0,219096
149586,-42.970366384999984,-22.796232407999984,Grande Niterói,3304904,São Gonçalo,4,7,74,2018,3,encontro_ossada,0.0,219146
149587,-42.97640571299996,-22.860173744999944,Grande Niterói,3304904,São Gonçalo,4,7,75,2018,3,encontro_ossada,0.0,219196
149588,-43.03652377599997,-22.79911572399993,Grande Niterói,3304904,São Gonçalo,4,7,72,2018,4,encontro_ossada,0.0,219246
149589,-43.07746695999998,-22.830884117999968,Grande Niterói,3304904,São Gonçalo,4,7,73,2018,4,encontro_ossada,0.0,219296
149590,-42.970366384999984,-22.796232407999984,Grande Niterói,3304904,São Gonçalo,4,7,74,2018,4,encontro_ossada,0.0,219346
149591,-42.97640571299996,-22.860173744999944,Grande Niterói,3304904,São Gonçalo,4,7,75,2018,4,encontro_ossada,0.0,219396
167935,-43.03652377599997,-22.79911572399993,Grande Niterói,3304904,São Gonçalo,4,7,72,2018,1,estelionato,38.0,218633
167936,-43.07746695999998,-22.830884117999968,Grande Niterói,3304904,São Gonçalo,4,7,73,2018,1,estelionato,14.0,218683
167937,-42.970366384999984,-22.796232407999984,Grande Niterói,3304904,São Gonçalo,4,7,74,2018,1,estelionato,32.0,218733
167938,-42.97640571299996,-22.860173744999944,Grande Niterói,3304904,São Gonçalo,4,7,75,2018,1,estelionato,6.0,218783
167939,-43.03652377599997,-22.79911572399993,Grande Niterói,3304904,São Gonçalo,4,7,72,2018,2,estelionato,18.0,218833
167940,-43.07746695999998,-22.830884117999968,Grande Niterói,3304904,São Gonçalo,4,7,73,2018,2,estelionato,10.0,218883
167941,-42.970366384999984,-22.796232407999984,Grande Niterói,3304904,São Gonçalo,4,7,74,2018,2,estelionato,23.0,218933
167942,-42.97640571299996,-22.860173744999944,Grande Niterói,3304904,São Gonçalo,4,7,75,2018,2,estelionato,10.0,218983
167943,-43.03652377599997,-22.79911572399993,Grande Niterói,3304904,São Gonçalo,4,7,72,2018,3,estelionato,45.0,219033
167944,-43.07746695999998,-22.830884117999968,Grande Niterói,3304904,São Gonçalo,4,7,73,2018,3,estelionato,22.0,219083
167945,-42.970366384999984,-22.796232407999984,Grande Niterói,3304904,São Gonçalo,4,7,74,2018,3,estelionato,23.0,219133
167946,-42.97640571299996,-22.860173744999944,Grande Niterói,3304904,São Gonçalo,4,7,75,2018,3,estelionato,3.0,219183
167947,-43.03652377599997,-22.79911572399993,Grande Niterói,3304904,São Gonçalo,4,7,72,2018,4,estelionato,32.0,219233
167948,-43.07746695999998,-22.830884117999968,Grande Niterói,3304904,São Gonçalo,4,7,73,2018,4,estelionato,18.0,219283
167949,-42.970366384999984,-22.796232407999984,Grande Niterói,3304904,São Gonçalo,4,7,74,2018,4,estelionato,23.0,219333
167950,-42.97640571299996,-22.860173744999944,Grande Niterói,3304904,São Gonçalo,4,7,75,2018,4,estelionato,9.0,219383
186294,-43.03652377599997,-22.79911572399993,Grande Niterói,3304904,São Gonçalo,4,7,72,2018,1,estupro,7.0,218610
186295,-43.07746695999998,-22.830884117999968,Grande Niterói,3304904,São Gonçalo,4,7,73,2018,1,estupro,4.0,218660
186296,-42.970366384999984,-22.796232407999984,Grande Niterói,3304904,São Gonçalo,4,7,74,2018,1,estupro,6.0,218710
186297,-42.97640571299996,-22.860173744999944,Grande Niterói,3304904,São Gonçalo,4,7,75,2018,1,estupro,2.0,218760
186298,-43.03652377599997,-22.79911572399993,Grande Niterói,3304904,São Gonçalo,4,7,72,2018,2,estupro,7.0,218810
186299,-43.07746695999998,-22.830884117999968,Grande Niterói,3304904,São Gonçalo,4,7,73,2018,2,estupro,9.0,218860
186300,-42.970366384999984,-22.796232407999984,Grande Niterói,3304904,São Gonçalo,4,7,74,2018,2,estupro,7.0,218910
186301,-42.97640571299996,-22.860173744999944,Grande Niterói,3304904,São Gonçalo,4,7,75,2018,2,estupro,6.0,218960
186302,-43.03652377599997,-22.79911572399993,Grande Niterói,3304904,São Gonçalo,4,7,72,2018,3,estupro,4.0,219010
186303,-43.07746695999998,-22.830884117999968,Grande Niterói,3304904,São Gonçalo,4,7,73,2018,3,estupro,0.0,219060
186304,-42.970366384999984,-22.796232407999984,Grande Niterói,3304904,São Gonçalo,4,7,74,2018,3,estupro,10.0,219110
186305,-42.97640571299996,-22.860173744999944,Grande Niterói,3304904,São Gonçalo,4,7,75,2018,3,estupro,1.0,219160
186306,-43.03652377599997,-22.79911572399993,Grande Niterói,3304904,São Gonçalo,4,7,72,2018,4,estupro,5.0,219210
186307,-43.07746695999998,-22.830884117999968,Grande Niterói,3304904,São Gonçalo,4,7,73,2018,4,estupro,1.0,219260
186308,-42.970366384999984,-22.796232407999984,Grande Niterói,3304904,São Gonçalo,4,7,74,2018,4,estupro,10.0,219310
186309,-42.97640571299996,-22.860173744999944,Grande Niterói,3304904,São Gonçalo,4,7,75,2018,4,estupro,11.0,219360
204653,-43.03652377599997,-22.79911572399993,Grande Niterói,3304904,São Gonçalo,4,7,72,2018,1,extorsao,3.0,218631
204654,-43.07746695999998,-22.830884117999968,Grande Niterói,3304904,São Gonçalo,4,7,73,2018,1,extorsao,0.0,218681
204655,-42.970366384999984,-22.796232407999984,Grande Niterói,3304904,São Gonçalo,4,7,74,2018,1,extorsao,1.0,218731
204656,-42.97640571299996,-22.860173744999944,Grande Niterói,3304904,São Gonçalo,4,7,75,2018,1,extorsao,0.0,218781
204657,-43.03652377599997,-22.79911572399993,Grande Niterói,3304904,São Gonçalo,4,7,72,2018,2,extorsao,3.0,218831
204658,-43.07746695999998,-22.830884117999968,Grande Niterói,3304904,São Gonçalo,4,7,73,2018,2,extorsao,0.0,218881
204659,-42.970366384999984,-22.796232407999984,Grande Niterói,3304904,São Gonçalo,4,7,74,2018,2,extorsao,1.0,218931
204660,-42.97640571299996,-22.860173744999944,Grande Niterói,3304904,São Gonçalo,4,7,75,2018,2,extorsao,0.0,218981
204661,-43.03652377599997,-22.79911572399993,Grande Niterói,3304904,São Gonçalo,4,7,72,2018,3,extorsao,0.0,219031
204662,-43.07746695999998,-22.830884117999968,Grande Niterói,3304904,São Gonçalo,4,7,73,2018,3,extorsao,1.0,219081
204663,-42.970366384999984,-22.796232407999984,Grande Niterói,3304904,São Gonçalo,4,7,74,2018,3,extorsao,1.0,219131
204664,-42.97640571299996,-22.860173744999944,Grande Niterói,3304904,São Gonçalo,4,7,75,2018,3,extorsao,0.0,219181
204665,-43.03652377599997,-22.79911572399993,Grande Niterói,3304904,São Gonçalo,4,7,72,2018,4,extorsao,1.0,219231
204666,-43.07746695999998,-22.830884117999968,Grande Niterói,3304904,São Gonçalo,4,7,73,2018,4,extorsao,0.0,219281
204667,-42.970366384999984,-22.796232407999984,Grande Niterói,3304904,São Gonçalo,4,7,74,2018,4,extorsao,1.0,219331
204668,-42.97640571299996,-22.860173744999944,Grande Niterói,3304904,São Gonçalo,4,7,75,2018,4,extorsao,0.0,219381
223012,-43.03652377599997,-22.79911572399993,Grande Niterói,3304904,São Gonçalo,4,7,72,2018,1,furto_bicicleta,2.0,218627
223013,-43.07746695999998,-22.830884117999968,Grande Niterói,3304904,São Gonçalo,4,7,73,2018,1,furto_bicicleta,0.0,218677
223014,-42.970366384999984,-22.796232407999984,Grande Niterói,3304904,São Gonçalo,4,7,74,2018,1,furto_bicicleta,1.0,218727
223015,-42.97640571299996,-22.860173744999944,Grande Niterói,3304904,São Gonçalo,4,7,75,2018,1,furto_bicicleta,0.0,218777
223016,-43.03652377599997,-22.79911572399993,Grande Niterói,3304904,São Gonçalo,4,7,72,2018,2,furto_bicicleta,0.0,218827
223017,-43.07746695999998,-22.830884117999968,Grande Niterói,3304904,São Gonçalo,4,7,73,2018,2,furto_bicicleta,1.0,218877
223018,-42.970366384999984,-22.796232407999984,Grande Niterói,3304904,São Gonçalo,4,7,74,2018,2,furto_bicicleta,1.0,218927
223019,-42.97640571299996,-22.860173744999944,Grande Niterói,3304904,São Gonçalo,4,7,75,2018,2,furto_bicicleta,0.0,218977
223020,-43.03652377599997,-22.79911572399993,Grande Niterói,3304904,São Gonçalo,4,7,72,2018,3,furto_bicicleta,1.0,219027
223021,-43.07746695999998,-22.830884117999968,Grande Niterói,3304904,São Gonçalo,4,7,73,2018,3,furto_bicicleta,0.0,219077
223022,-42.970366384999984,-22.796232407999984,Grande Niterói,3304904,São Gonçalo,4,7,74,2018,3,furto_bicicleta,1.0,219127
223023,-42.97640571299996,-22.860173744999944,Grande Niterói,3304904,São Gonçalo,4,7,75,2018,3,furto_bicicleta,0.0,219177
223024,-43.03652377599997,-22.79911572399993,Grande Niterói,3304904,São Gonçalo,4,7,72,2018,4,furto_bicicleta,0.0,219227
223025,-43.07746695999998,-22.830884117999968,Grande Niterói,3304904,São Gonçalo,4,7,73,2018,4,furto_bicicleta,2.0,219277
223026,-42.970366384999984,-22.796232407999984,Grande Niterói,3304904,São Gonçalo,4,7,74,2018,4,furto_bicicleta,0.0,219327
223027,-42.97640571299996,-22.860173744999944,Grande Niterói,3304904,São Gonçalo,4,7,75,2018,4,furto_bicicleta,0.0,219377
241371,-43.03652377599997,-22.79911572399993,Grande Niterói,3304904,São Gonçalo,4,7,72,2018,1,furto_veiculos,28.0,218626
241372,-43.07746695999998,-22.830884117999968,Grande Niterói,3304904,São Gonçalo,4,7,73,2018,1,furto_veiculos,23.0,218676
241373,-42.970366384999984,-22.796232407999984,Grande Niterói,3304904,São Gonçalo,4,7,74,2018,1,furto_veiculos,14.0,218726
241374,-42.97640571299996,-22.860173744999944,Grande Niterói,3304904,São Gonçalo,4,7,75,2018,1,furto_veiculos,7.0,218776
241375,-43.03652377599997,-22.79911572399993,Grande Niterói,3304904,São Gonçalo,4,7,72,2018,2,furto_veiculos,31.0,218826
241376,-43.07746695999998,-22.830884117999968,Grande Niterói,3304904,São Gonçalo,4,7,73,2018,2,furto_veiculos,16.0,218876
241377,-42.970366384999984,-22.796232407999984,Grande Niterói,3304904,São Gonçalo,4,7,74,2018,2,furto_veiculos,20.0,218926
241378,-42.97640571299996,-22.860173744999944,Grande Niterói,3304904,São Gonçalo,4,7,75,2018,2,furto_veiculos,11.0,218976
241379,-43.03652377599997,-22.79911572399993,Grande Niterói,3304904,São Gonçalo,4,7,72,2018,3,furto_veiculos,39.0,219026
241380,-43.07746695999998,-22.830884117999968,Grande Niterói,3304904,São Gonçalo,4,7,73,2018,3,furto_veiculos,26.0,219076
241381,-42.970366384999984,-22.796232407999984,Grande Niterói,3304904,São Gonçalo,4,7,74,2018,3,furto_veiculos,24.0,219126
241382,-42.97640571299996,-22.860173744999944,Grande Niterói,3304904,São Gonçalo,4,7,75,2018,3,furto_veiculos,5.0,219176
241383,-43.03652377599997,-22.79911572399993,Grande Niterói,3304904,São Gonçalo,4,7,72,2018,4,furto_veiculos,37.0,219226
241384,-43.07746695999998,-22.830884117999968,Grande Niterói,3304904,São Gonçalo,4,7,73,2018,4,furto_veiculos,24.0,219276
241385,-42.970366384999984,-22.796232407999984,Grande Niterói,3304904,São Gonçalo,4,7,74,2018,4,furto_veiculos,25.0,219326
241386,-42.97640571299996,-22.860173744999944,Grande Niterói,3304904,São Gonçalo,4,7,75,2018,4,furto_veiculos,3.0,219376
259730,-43.03652377599997,-22.79911572399993,Grande Niterói,3304904,São Gonçalo,4,7,72,2018,1,gaai,7.0,218641
259731,-43.07746695999998,-22.830884117999968,Grande Niterói,3304904,São Gonçalo,4,7,73,2018,1,gaai,14.0,218691
259732,-42.970366384999984,-22.796232407999984,Grande Niterói,3304904,São Gonçalo,4,7,74,2018,1,gaai,12.0,218741
259733,-42.97640571299996,-22.860173744999944,Grande Niterói,3304904,São Gonçalo,4,7,75,2018,1,gaai,2.0,218791
259734,-43.03652377599997,-22.79911572399993,Grande Niterói,3304904,São Gonçalo,4,7,72,2018,2,gaai,3.0,218841
259735,-43.07746695999998,-22.830884117999968,Grande Niterói,3304904,São Gonçalo,4,7,73,2018,2,gaai,3.0,218891
259736,-42.970366384999984,-22.796232407999984,Grande Niterói,3304904,São Gonçalo,4,7,74,2018,2,gaai,8.0,218941
259737,-42.97640571299996,-22.860173744999944,Grande Niterói,3304904,São Gonçalo,4,7,75,2018,2,gaai,3.0,218991
259738,-43.03652377599997,-22.79911572399993,Grande Niterói,3304904,São Gonçalo,4,7,72,2018,3,gaai,10.0,219041
259739,-43.07746695999998,-22.830884117999968,Grande Niterói,3304904,São Gonçalo,4,7,73,2018,3,gaai,6.0,219091
259740,-42.970366384999984,-22.796232407999984,Grande Niterói,3304904,São Gonçalo,4,7,74,2018,3,gaai,10.0,219141
259741,-42.97640571299996,-22.860173744999944,Grande Niterói,3304904,São Gonçalo,4,7,75,2018,3,gaai,3.0,219191
259742,-43.03652377599997,-22.79911572399993,Grande Niterói,3304904,São Gonçalo,4,7,72,2018,4,gaai,6.0,219241
259743,-43.07746695999998,-22.830884117999968,Grande Niterói,3304904,São Gonçalo,4,7,73,2018,4,gaai,4.0,219291
259744,-42.970366384999984,-22.796232407999984,Grande Niterói,3304904,São Gonçalo,4,7,74,2018,4,gaai,20.0,219341
259745,-42.97640571299996,-22.860173744999944,Grande Niterói,3304904,São Gonçalo,4,7,75,2018,4,gaai,9.0,219391
278089,-43.03652377599997,-22.79911572399993,Grande Niterói,3304904,São Gonçalo,4,7,72,2018,1,grp,37.0,218638
278090,-43.07746695999998,-22.830884117999968,Grande Niterói,3304904,São Gonçalo,4,7,73,2018,1,grp,46.0,218688
278091,-42.970366384999984,-22.796232407999984,Grande Niterói,3304904,São Gonçalo,4,7,74,2018,1,grp,62.0,218738
278092,-42.97640571299996,-22.860173744999944,Grande Niterói,3304904,São Gonçalo,4,7,75,2018,1,grp,7.0,218788
278093,-43.03652377599997,-22.79911572399993,Grande Niterói,3304904,São Gonçalo,4,7,72,2018,2,grp,31.0,218838
278094,-43.07746695999998,-22.830884117999968,Grande Niterói,3304904,São Gonçalo,4,7,73,2018,2,grp,26.0,218888
278095,-42.970366384999984,-22.796232407999984,Grande Niterói,3304904,São Gonçalo,4,7,74,2018,2,grp,51.0,218938
278096,-42.97640571299996,-22.860173744999944,Grande Niterói,3304904,São Gonçalo,4,7,75,2018,2,grp,19.0,218988
278097,-43.03652377599997,-22.79911572399993,Grande Niterói,3304904,São Gonçalo,4,7,72,2018,3,grp,35.0,219038
278098,-43.07746695999998,-22.830884117999968,Grande Niterói,3304904,São Gonçalo,4,7,73,2018,3,grp,24.0,219088
278099,-42.970366384999984,-22.796232407999984,Grande Niterói,3304904,São Gonçalo,4,7,74,2018,3,grp,65.0,219138
278100,-42.97640571299996,-22.860173744999944,Grande Niterói,3304904,São Gonçalo,4,7,75,2018,3,grp,22.0,219188
278101,-43.03652377599997,-22.79911572399993,Grande Niterói,3304904,São Gonçalo,4,7,72,2018,4,grp,46.0,219238
278102,-43.07746695999998,-22.830884117999968,Grande Niterói,3304904,São Gonçalo,4,7,73,2018,4,grp,16.0,219288
278103,-42.970366384999984,-22.796232407999984,Grande Niterói,3304904,São Gonçalo,4,7,74,2018,4,grp,58.0,219338
278104,-42.97640571299996,-22.860173744999944,Grande Niterói,3304904,São Gonçalo,4,7,75,2018,4,grp,23.0,219388
296448,-43.03652377599997,-22.79911572399993,Grande Niterói,3304904,São Gonçalo,4,7,72,2018,1,hom_culposo,1.0,218611
296449,-43.07746695999998,-22.830884117999968,Grande Niterói,3304904,São Gonçalo,4,7,73,2018,1,hom_culposo,0.0,218661
296450,-42.970366384999984,-22.796232407999984,Grande Niterói,3304904,São Gonçalo,4,7,74,2018,1,hom_culposo,4.0,218711
296451,-42.97640571299996,-22.860173744999944,Grande Niterói,3304904,São Gonçalo,4,7,75,2018,1,hom_culposo,2.0,218761
296452,-43.03652377599997,-22.79911572399993,Grande Niterói,3304904,São Gonçalo,4,7,72,2018,2,hom_culposo,2.0,218811
296453,-43.07746695999998,-22.830884117999968,Grande Niterói,3304904,São Gonçalo,4,7,73,2018,2,hom_culposo,1.0,218861
296454,-42.970366384999984,-22.796232407999984,Grande Niterói,3304904,São Gonçalo,4,7,74,2018,2,hom_culposo,2.0,218911
296455,-42.97640571299996,-22.860173744999944,Grande Niterói,3304904,São Gonçalo,4,7,75,2018,2,hom_culposo,2.0,218961
296456,-43.03652377599997,-22.79911572399993,Grande Niterói,3304904,São Gonçalo,4,7,72,2018,3,hom_culposo,2.0,219011
296457,-43.07746695999998,-22.830884117999968,Grande Niterói,3304904,São Gonçalo,4,7,73,2018,3,hom_culposo,2.0,219061
296458,-42.970366384999984,-22.796232407999984,Grande Niterói,3304904,São Gonçalo,4,7,74,2018,3,hom_culposo,8.0,219111
296459,-42.97640571299996,-22.860173744999944,Grande Niterói,3304904,São Gonçalo,4,7,75,2018,3,hom_culposo,3.0,219161
296460,-43.03652377599997,-22.79911572399993,Grande Niterói,3304904,São Gonçalo,4,7,72,2018,4,hom_culposo,1.0,219211
296461,-43.07746695999998,-22.830884117999968,Grande Niterói,3304904,São Gonçalo,4,7,73,2018,4,hom_culposo,0.0,219261
296462,-42.970366384999984,-22.796232407999984,Grande Niterói,3304904,São Gonçalo,4,7,74,2018,4,hom_culposo,4.0,219311
296463,-42.97640571299996,-22.860173744999944,Grande Niterói,3304904,São Gonçalo,4,7,75,2018,4,hom_culposo,2.0,219361
314807,-43.03652377599997,-22.79911572399993,Grande Niterói,3304904,São Gonçalo,4,7,72,2018,1,hom_doloso,9.0,218604
314808,-43.07746695999998,-22.830884117999968,Grande Niterói,3304904,São Gonçalo,4,7,73,2018,1,hom_doloso,10.0,218654
314809,-42.970366384999984,-22.796232407999984,Grande Niterói,3304904,São Gonçalo,4,7,74,2018,1,hom_doloso,7.0,218704
314810,-42.97640571299996,-22.860173744999944,Grande Niterói,3304904,São Gonçalo,4,7,75,2018,1,hom_doloso,12.0,218754
314811,-43.03652377599997,-22.79911572399993,Grande Niterói,3304904,São Gonçalo,4,7,72,2018,2,hom_doloso,2.0,218804
314812,-43.07746695999998,-22.830884117999968,Grande Niterói,3304904,São Gonçalo,4,7,73,2018,2,hom_doloso,13.0,218854
314813,-42.970366384999984,-22.796232407999984,Grande Niterói,3304904,São Gonçalo,4,7,74,2018,2,hom_doloso,8.0,218904
314814,-42.97640571299996,-22.860173744999944,Grande Niterói,3304904,São Gonçalo,4,7,75,2018,2,hom_doloso,3.0,218954
314815,-43.03652377599997,-22.79911572399993,Grande Niterói,3304904,São Gonçalo,4,7,72,2018,3,hom_doloso,7.0,219004
314816,-43.07746695999998,-22.830884117999968,Grande Niterói,3304904,São Gonçalo,4,7,73,2018,3,hom_doloso,4.0,219054
314817,-42.970366384999984,-22.796232407999984,Grande Niterói,3304904,São Gonçalo,4,7,74,2018,3,hom_doloso,8.0,219104
314818,-42.97640571299996,-22.860173744999944,Grande Niterói,3304904,São Gonçalo,4,7,75,2018,3,hom_doloso,7.0,219154
314819,-43.03652377599997,-22.79911572399993,Grande Niterói,3304904,São Gonçalo,4,7,72,2018,4,hom_doloso,5.0,219204
314820,-43.07746695999998,-22.830884117999968,Grande Niterói,3304904,São Gonçalo,4,7,73,2018,4,hom_doloso,12.0,219254
314821,-42.970366384999984,-22.796232407999984,Grande Niterói,3304904,São Gonçalo,4,7,74,2018,4,hom_doloso,16.0,219304
314822,-42.97640571299996,-22.860173744999944,Grande Niterói,3304904,São Gonçalo,4,7,75,2018,4,hom_doloso,6.0,219354
333166,-43.03652377599997,-22.79911572399993,Grande Niterói,3304904,São Gonçalo,4,7,72,2018,1,hom_por_interv_policial,4.0,218607
333167,-43.07746695999998,-22.830884117999968,Grande Niterói,3304904,São Gonçalo,4,7,73,2018,1,hom_por_interv_policial,3.0,218657
333168,-42.970366384999984,-22.796232407999984,Grande Niterói,3304904,São Gonçalo,4,7,74,2018,1,hom_por_interv_policial,9.0,218707
333169,-42.97640571299996,-22.860173744999944,Grande Niterói,3304904,São Gonçalo,4,7,75,2018,1,hom_por_interv_policial,2.0,218757
333170,-43.03652377599997,-22.79911572399993,Grande Niterói,3304904,São Gonçalo,4,7,72,2018,2,hom_por_interv_policial,3.0,218807
333171,-43.07746695999998,-22.830884117999968,Grande Niterói,3304904,São Gonçalo,4,7,73,2018,2,hom_por_interv_policial,5.0,218857
333172,-42.970366384999984,-22.796232407999984,Grande Niterói,3304904,São Gonçalo,4,7,74,2018,2,hom_por_interv_policial,1.0,218907
333173,-42.97640571299996,-22.860173744999944,Grande Niterói,3304904,São Gonçalo,4,7,75,2018,2,hom_por_interv_policial,7.0,218957
333174,-43.03652377599997,-22.79911572399993,Grande Niterói,3304904,São Gonçalo,4,7,72,2018,3,hom_por_interv_policial,3.0,219007
333175,-43.07746695999998,-22.830884117999968,Grande Niterói,3304904,São Gonçalo,4,7,73,2018,3,hom_por_interv_policial,7.0,219057
333176,-42.970366384999984,-22.796232407999984,Grande Niterói,3304904,São Gonçalo,4,7,74,2018,3,hom_por_interv_policial,2.0,219107
333177,-42.97640571299996,-22.860173744999944,Grande Niterói,3304904,São Gonçalo,4,7,75,2018,3,hom_por_interv_policial,0.0,219157
333178,-43.03652377599997,-22.79911572399993,Grande Niterói,3304904,São Gonçalo,4,7,72,2018,4,hom_por_interv_policial,1.0,219207
333179,-43.07746695999998,-22.830884117999968,Grande Niterói,3304904,São Gonçalo,4,7,73,2018,4,hom_por_interv_policial,0.0,219257
333180,-42.970366384999984,-22.796232407999984,Grande Niterói,3304904,São Gonçalo,4,7,74,2018,4,hom_por_interv_policial,5.0,219307
333181,-42.97640571299996,-22.860173744999944,Grande Niterói,3304904,São Gonçalo,4,7,75,2018,4,hom_por_interv_policial,2.0,219357
351525,-43.03652377599997,-22.79911572399993,Grande Niterói,3304904,São Gonçalo,4,7,72,2018,1,indicador_letalidade,15.0,218649
351526,-43.07746695999998,-22.830884117999968,Grande Niterói,3304904,São Gonçalo,4,7,73,2018,1,indicador_letalidade,13.0,218699
351527,-42.970366384999984,-22.796232407999984,Grande Niterói,3304904,São Gonçalo,4,7,74,2018,1,indicador_letalidade,16.0,218749
351528,-42.97640571299996,-22.860173744999944,Grande Niterói,3304904,São Gonçalo,4,7,75,2018,1,indicador_letalidade,14.0,218799
351529,-43.03652377599997,-22.79911572399993,Grande Niterói,3304904,São Gonçalo,4,7,72,2018,2,indicador_letalidade,5.0,218849
351530,-43.07746695999998,-22.830884117999968,Grande Niterói,3304904,São Gonçalo,4,7,73,2018,2,indicador_letalidade,18.0,218899
351531,-42.970366384999984,-22.796232407999984,Grande Niterói,3304904,São Gonçalo,4,7,74,2018,2,indicador_letalidade,9.0,218949
351532,-42.97640571299996,-22.860173744999944,Grande Niterói,3304904,São Gonçalo,4,7,75,2018,2,indicador_letalidade,11.0,218999
351533,-43.03652377599997,-22.79911572399993,Grande Niterói,3304904,São Gonçalo,4,7,72,2018,3,indicador_letalidade,12.0,219049
351534,-43.07746695999998,-22.830884117999968,Grande Niterói,3304904,São Gonçalo,4,7,73,2018,3,indicador_letalidade,11.0,219099
351535,-42.970366384999984,-22.796232407999984,Grande Niterói,3304904,São Gonçalo,4,7,74,2018,3,indicador_letalidade,10.0,219149
351536,-42.97640571299996,-22.860173744999944,Grande Niterói,3304904,São Gonçalo,4,7,75,2018,3,indicador_letalidade,9.0,219199
351537,-43.03652377599997,-22.79911572399993,Grande Niterói,3304904,São Gonçalo,4,7,72,2018,4,indicador_letalidade,7.0,219249
351538,-43.07746695999998,-22.830884117999968,Grande Niterói,3304904,São Gonçalo,4,7,73,2018,4,indicador_letalidade,13.0,219299
351539,-42.970366384999984,-22.796232407999984,Grande Niterói,3304904,São Gonçalo,4,7,74,2018,4,indicador_letalidade,21.0,219349
351540,-42.97640571299996,-22.860173744999944,Grande Niterói,3304904,São Gonçalo,4,7,75,2018,4,indicador_letalidade,8.0,219399
369884,-43.03652377599997,-22.79911572399993,Grande Niterói,3304904,São Gonçalo,4,7,72,2018,1,indicador_roubo_rua,293.0,218650
369885,-43.07746695999998,-22.830884117999968,Grande Niterói,3304904,São Gonçalo,4,7,73,2018,1,indicador_roubo_rua,201.0,218700
369886,-42.970366384999984,-22.796232407999984,Grande Niterói,3304904,São Gonçalo,4,7,74,2018,1,indicador_roubo_rua,199.0,218750
369887,-42.97640571299996,-22.860173744999944,Grande Niterói,3304904,São Gonçalo,4,7,75,2018,1,indicador_roubo_rua,160.0,218800
369888,-43.03652377599997,-22.79911572399993,Grande Niterói,3304904,São Gonçalo,4,7,72,2018,2,indicador_roubo_rua,273.0,218850
369889,-43.07746695999998,-22.830884117999968,Grande Niterói,3304904,São Gonçalo,4,7,73,2018,2,indicador_roubo_rua,174.0,218900
369890,-42.970366384999984,-22.796232407999984,Grande Niterói,3304904,São Gonçalo,4,7,74,2018,2,indicador_roubo_rua,160.0,218950
369891,-42.97640571299996,-22.860173744999944,Grande Niterói,3304904,São Gonçalo,4,7,75,2018,2,indicador_roubo_rua,119.0,219000
369892,-43.03652377599997,-22.79911572399993,Grande Niterói,3304904,São Gonçalo,4,7,72,2018,3,indicador_roubo_rua,301.0,219050
369893,-43.07746695999998,-22.830884117999968,Grande Niterói,3304904,São Gonçalo,4,7,73,2018,3,indicador_roubo_rua,198.0,219100
369894,-42.970366384999984,-22.796232407999984,Grande Niterói,3304904,São Gonçalo,4,7,74,2018,3,indicador_roubo_rua,205.0,219150
369895,-42.97640571299996,-22.860173744999944,Grande Niterói,3304904,São Gonçalo,4,7,75,2018,3,indicador_roubo_rua,144.0,219200
369896,-43.03652377599997,-22.79911572399993,Grande Niterói,3304904,São Gonçalo,4,7,72,2018,4,indicador_roubo_rua,223.0,219250
369897,-43.07746695999998,-22.830884117999968,Grande Niterói,3304904,São Gonçalo,4,7,73,2018,4,indicador_roubo_rua,232.0,219300
369898,-42.970366384999984,-22.796232407999984,Grande Niterói,3304904,São Gonçalo,4,7,74,2018,4,indicador_roubo_rua,219.0,219350
369899,-42.97640571299996,-22.860173744999944,Grande Niterói,3304904,São Gonçalo,4,7,75,2018,4,indicador_roubo_rua,338.0,219400
388243,-43.03652377599997,-22.79911572399993,Grande Niterói,3304904,São Gonçalo,4,7,72,2018,1,indicador_roubo_veic,130.0,218651
388244,-43.07746695999998,-22.830884117999968,Grande Niterói,3304904,São Gonçalo,4,7,73,2018,1,indicador_roubo_veic,165.0,218701
388245,-42.970366384999984,-22.796232407999984,Grande Niterói,3304904,São Gonçalo,4,7,74,2018,1,indicador_roubo_veic,164.0,218751
388246,-42.97640571299996,-22.860173744999944,Grande Niterói,3304904,São Gonçalo,4,7,75,2018,1,indicador_roubo_veic,144.0,218801
388247,-43.03652377599997,-22.79911572399993,Grande Niterói,3304904,São Gonçalo,4,7,72,2018,2,indicador_roubo_veic,134.0,218851
388248,-43.07746695999998,-22.830884117999968,Grande Niterói,3304904,São Gonçalo,4,7,73,2018,2,indicador_roubo_veic,128.0,218901
388249,-42.970366384999984,-22.796232407999984,Grande Niterói,3304904,São Gonçalo,4,7,74,2018,2,indicador_roubo_veic,168.0,218951
388250,-42.97640571299996,-22.860173744999944,Grande Niterói,3304904,São Gonçalo,4,7,75,2018,2,indicador_roubo_veic,113.0,219001
388251,-43.03652377599997,-22.79911572399993,Grande Niterói,3304904,São Gonçalo,4,7,72,2018,3,indicador_roubo_veic,122.0,219051
388252,-43.07746695999998,-22.830884117999968,Grande Niterói,3304904,São Gonçalo,4,7,73,2018,3,indicador_roubo_veic,172.0,219101
388253,-42.970366384999984,-22.796232407999984,Grande Niterói,3304904,São Gonçalo,4,7,74,2018,3,indicador_roubo_veic,218.0,219151
388254,-42.97640571299996,-22.860173744999944,Grande Niterói,3304904,São Gonçalo,4,7,75,2018,3,indicador_roubo_veic,120.0,219201
388255,-43.03652377599997,-22.79911572399993,Grande Niterói,3304904,São Gonçalo,4,7,72,2018,4,indicador_roubo_veic,128.0,219251
388256,-43.07746695999998,-22.830884117999968,Grande Niterói,3304904,São Gonçalo,4,7,73,2018,4,indicador_roubo_veic,124.0,219301
388257,-42.970366384999984,-22.796232407999984,Grande Niterói,3304904,São Gonçalo,4,7,74,2018,4,indicador_roubo_veic,169.0,219351
388258,-42.97640571299996,-22.860173744999944,Grande Niterói,3304904,São Gonçalo,4,7,75,2018,4,indicador_roubo_veic,129.0,219401
406602,-43.03652377599997,-22.79911572399993,Grande Niterói,3304904,São Gonçalo,4,7,72,2018,1,latrocinio,2.0,218606
406603,-43.07746695999998,-22.830884117999968,Grande Niterói,3304904,São Gonçalo,4,7,73,2018,1,latrocinio,0.0,218656
406604,-42.970366384999984,-22.796232407999984,Grande Niterói,3304904,São Gonçalo,4,7,74,2018,1,latrocinio,0.0,218706
406605,-42.97640571299996,-22.860173744999944,Grande Niterói,3304904,São Gonçalo,4,7,75,2018,1,latrocinio,0.0,218756
406606,-43.03652377599997,-22.79911572399993,Grande Niterói,3304904,São Gonçalo,4,7,72,2018,2,latrocinio,0.0,218806
406607,-43.07746695999998,-22.830884117999968,Grande Niterói,3304904,São Gonçalo,4,7,73,2018,2,latrocinio,0.0,218856
406608,-42.970366384999984,-22.796232407999984,Grande Niterói,3304904,São Gonçalo,4,7,74,2018,2,latrocinio,0.0,218906
406609,-42.97640571299996,-22.860173744999944,Grande Niterói,3304904,São Gonçalo,4,7,75,2018,2,latrocinio,1.0,218956
406610,-43.03652377599997,-22.79911572399993,Grande Niterói,3304904,São Gonçalo,4,7,72,2018,3,latrocinio,1.0,219006
406611,-43.07746695999998,-22.830884117999968,Grande Niterói,3304904,São Gonçalo,4,7,73,2018,3,latrocinio,0.0,219056
406612,-42.970366384999984,-22.796232407999984,Grande Niterói,3304904,São Gonçalo,4,7,74,2018,3,latrocinio,0.0,219106
406613,-42.97640571299996,-22.860173744999944,Grande Niterói,3304904,São Gonçalo,4,7,75,2018,3,latrocinio,2.0,219156
406614,-43.03652377599997,-22.79911572399993,Grande Niterói,3304904,São Gonçalo,4,7,72,2018,4,latrocinio,1.0,219206
406615,-43.07746695999998,-22.830884117999968,Grande Niterói,3304904,São Gonçalo,4,7,73,2018,4,latrocinio,1.0,219256
406616,-42.970366384999984,-22.796232407999984,Grande Niterói,3304904,São Gonçalo,4,7,74,2018,4,latrocinio,0.0,219306
406617,-42.97640571299996,-22.860173744999944,Grande Niterói,3304904,São Gonçalo,4,7,75,2018,4,latrocinio,0.0,219356
424961,-43.03652377599997,-22.79911572399993,Grande Niterói,3304904,São Gonçalo,4,7,72,2018,1,lesao_corp_culposa,39.0,218612
424962,-43.07746695999998,-22.830884117999968,Grande Niterói,3304904,São Gonçalo,4,7,73,2018,1,lesao_corp_culposa,15.0,218662
424963,-42.970366384999984,-22.796232407999984,Grande Niterói,3304904,São Gonçalo,4,7,74,2018,1,lesao_corp_culposa,45.0,218712
424964,-42.97640571299996,-22.860173744999944,Grande Niterói,3304904,São Gonçalo,4,7,75,2018,1,lesao_corp_culposa,25.0,218762
424965,-43.03652377599997,-22.79911572399993,Grande Niterói,3304904,São Gonçalo,4,7,72,2018,2,lesao_corp_culposa,21.0,218812
424966,-43.07746695999998,-22.830884117999968,Grande Niterói,3304904,São Gonçalo,4,7,73,2018,2,lesao_corp_culposa,17.0,218862
424967,-42.970366384999984,-22.796232407999984,Grande Niterói,3304904,São Gonçalo,4,7,74,2018,2,lesao_corp_culposa,37.0,218912
424968,-42.97640571299996,-22.860173744999944,Grande Niterói,3304904,São Gonçalo,4,7,75,2018,2,lesao_corp_culposa,15.0,218962
424969,-43.03652377599997,-22.79911572399993,Grande Niterói,3304904,São Gonçalo,4,7,72,2018,3,lesao_corp_culposa,46.0,219012
424970,-43.07746695999998,-22.830884117999968,Grande Niterói,3304904,São Gonçalo,4,7,73,2018,3,lesao_corp_culposa,24.0,219062
424971,-42.970366384999984,-22.796232407999984,Grande Niterói,3304904,São Gonçalo,4,7,74,2018,3,lesao_corp_culposa,40.0,219112
424972,-42.97640571299996,-22.860173744999944,Grande Niterói,3304904,São Gonçalo,4,7,75,2018,3,lesao_corp_culposa,14.0,219162
424973,-43.03652377599997,-22.79911572399993,Grande Niterói,3304904,São Gonçalo,4,7,72,2018,4,lesao_corp_culposa,39.0,219212
424974,-43.07746695999998,-22.830884117999968,Grande Niterói,3304904,São Gonçalo,4,7,73,2018,4,lesao_corp_culposa,44.0,219262
424975,-42.970366384999984,-22.796232407999984,Grande Niterói,3304904,São Gonçalo,4,7,74,2018,4,lesao_corp_culposa,41.0,219312
424976,-42.97640571299996,-22.860173744999944,Grande Niterói,3304904,São Gonçalo,4,7,75,2018,4,lesao_corp_culposa,26.0,219362
443320,-43.03652377599997,-22.79911572399993,Grande Niterói,3304904,São Gonçalo,4,7,72,2018,1,lesao_corp_dolosa,73.0,218609
443321,-43.07746695999998,-22.830884117999968,Grande Niterói,3304904,São Gonçalo,4,7,73,2018,1,lesao_corp_dolosa,45.0,218659
443322,-42.970366384999984,-22.796232407999984,Grande Niterói,3304904,São Gonçalo,4,7,74,2018,1,lesao_corp_dolosa,57.0,218709
443323,-42.97640571299996,-22.860173744999944,Grande Niterói,3304904,São Gonçalo,4,7,75,2018,1,lesao_corp_dolosa,39.0,218759
443324,-43.03652377599997,-22.79911572399993,Grande Niterói,3304904,São Gonçalo,4,7,72,2018,2,lesao_corp_dolosa,61.0,218809
443325,-43.07746695999998,-22.830884117999968,Grande Niterói,3304904,São Gonçalo,4,7,73,2018,2,lesao_corp_dolosa,36.0,218859
443326,-42.970366384999984,-22.796232407999984,Grande Niterói,3304904,São Gonçalo,4,7,74,2018,2,lesao_corp_dolosa,47.0,218909
443327,-42.97640571299996,-22.860173744999944,Grande Niterói,3304904,São Gonçalo,4,7,75,2018,2,lesao_corp_dolosa,37.0,218959
443328,-43.03652377599997,-22.79911572399993,Grande Niterói,3304904,São Gonçalo,4,7,72,2018,3,lesao_corp_dolosa,92.0,219009
443329,-43.07746695999998,-22.830884117999968,Grande Niterói,3304904,São Gonçalo,4,7,73,2018,3,lesao_corp_dolosa,57.0,219059
443330,-42.970366384999984,-22.796232407999984,Grande Niterói,3304904,São Gonçalo,4,7,74,2018,3,lesao_corp_dolosa,65.0,219109
443331,-42.97640571299996,-22.860173744999944,Grande Niterói,3304904,São Gonçalo,4,7,75,2018,3,lesao_corp_dolosa,35.0,219159
443332,-43.03652377599997,-22.79911572399993,Grande Niterói,3304904,São Gonçalo,4,7,72,2018,4,lesao_corp_dolosa,65.0,219209
443333,-43.07746695999998,-22.830884117999968,Grande Niterói,3304904,São Gonçalo,4,7,73,2018,4,lesao_corp_dolosa,45.0,219259
443334,-42.970366384999984,-22.796232407999984,Grande Niterói,3304904,São Gonçalo,4,7,74,2018,4,lesao_corp_dolosa,50.0,219309
443335,-42.97640571299996,-22.860173744999944,Grande Niterói,3304904,São Gonçalo,4,7,75,2018,4,lesao_corp_dolosa,53.0,219359
461679,-43.03652377599997,-22.79911572399993,Grande Niterói,3304904,São Gonçalo,4,7,72,2018,1,lesao_corp_morte,0.0,218605
461680,-43.07746695999998,-22.830884117999968,Grande Niterói,3304904,São Gonçalo,4,7,73,2018,1,lesao_corp_morte,0.0,218655
461681,-42.970366384999984,-22.796232407999984,Grande Niterói,3304904,São Gonçalo,4,7,74,2018,1,lesao_corp_morte,0.0,218705
461682,-42.97640571299996,-22.860173744999944,Grande Niterói,3304904,São Gonçalo,4,7,75,2018,1,lesao_corp_morte,0.0,218755
461683,-43.03652377599997,-22.79911572399993,Grande Niterói,3304904,São Gonçalo,4,7,72,2018,2,lesao_corp_morte,0.0,218805
461684,-43.07746695999998,-22.830884117999968,Grande Niterói,3304904,São Gonçalo,4,7,73,2018,2,lesao_corp_morte,0.0,218855
461685,-42.970366384999984,-22.796232407999984,Grande Niterói,3304904,São Gonçalo,4,7,74,2018,2,lesao_corp_morte,0.0,218905
461686,-42.97640571299996,-22.860173744999944,Grande Niterói,3304904,São Gonçalo,4,7,75,2018,2,lesao_corp_morte,0.0,218955
461687,-43.03652377599997,-22.79911572399993,Grande Niterói,3304904,São Gonçalo,4,7,72,2018,3,lesao_corp_morte,1.0,219005
461688,-43.07746695999998,-22.830884117999968,Grande Niterói,3304904,São Gonçalo,4,7,73,2018,3,lesao_corp_morte,0.0,219055
461689,-42.970366384999984,-22.796232407999984,Grande Niterói,3304904,São Gonçalo,4,7,74,2018,3,lesao_corp_morte,0.0,219105
461690,-42.97640571299996,-22.860173744999944,Grande Niterói,3304904,São Gonçalo,4,7,75,2018,3,lesao_corp_morte,0.0,219155
461691,-43.03652377599997,-22.79911572399993,Grande Niterói,3304904,São Gonçalo,4,7,72,2018,4,lesao_corp_morte,0.0,219205
461692,-43.07746695999998,-22.830884117999968,Grande Niterói,3304904,São Gonçalo,4,7,73,2018,4,lesao_corp_morte,0.0,219255
461693,-42.970366384999984,-22.796232407999984,Grande Niterói,3304904,São Gonçalo,4,7,74,2018,4,lesao_corp_morte,0.0,219305
461694,-42.97640571299996,-22.860173744999944,Grande Niterói,3304904,São Gonçalo,4,7,75,2018,4,lesao_corp_morte,0.0,219355
480038,-43.03652377599997,-22.79911572399993,Grande Niterói,3304904,São Gonçalo,4,7,72,2018,1,outros_furtos,158.0,218628
480039,-43.07746695999998,-22.830884117999968,Grande Niterói,3304904,São Gonçalo,4,7,73,2018,1,outros_furtos,66.0,218678
480040,-42.970366384999984,-22.796232407999984,Grande Niterói,3304904,São Gonçalo,4,7,74,2018,1,outros_furtos,111.0,218728
480041,-42.97640571299996,-22.860173744999944,Grande Niterói,3304904,São Gonçalo,4,7,75,2018,1,outros_furtos,46.0,218778
480042,-43.03652377599997,-22.79911572399993,Grande Niterói,3304904,São Gonçalo,4,7,72,2018,2,outros_furtos,90.0,218828
480043,-43.07746695999998,-22.830884117999968,Grande Niterói,3304904,São Gonçalo,4,7,73,2018,2,outros_furtos,46.0,218878
480044,-42.970366384999984,-22.796232407999984,Grande Niterói,3304904,São Gonçalo,4,7,74,2018,2,outros_furtos,99.0,218928
480045,-42.97640571299996,-22.860173744999944,Grande Niterói,3304904,São Gonçalo,4,7,75,2018,2,outros_furtos,23.0,218978
480046,-43.03652377599997,-22.79911572399993,Grande Niterói,3304904,São Gonçalo,4,7,72,2018,3,outros_furtos,118.0,219028
480047,-43.07746695999998,-22.830884117999968,Grande Niterói,3304904,São Gonçalo,4,7,73,2018,3,outros_furtos,47.0,219078
480048,-42.970366384999984,-22.796232407999984,Grande Niterói,3304904,São Gonçalo,4,7,74,2018,3,outros_furtos,99.0,219128
480049,-42.97640571299996,-22.860173744999944,Grande Niterói,3304904,São Gonçalo,4,7,75,2018,3,outros_furtos,17.0,219178
480050,-43.03652377599997,-22.79911572399993,Grande Niterói,3304904,São Gonçalo,4,7,72,2018,4,outros_furtos,96.0,219228
480051,-43.07746695999998,-22.830884117999968,Grande Niterói,3304904,São Gonçalo,4,7,73,2018,4,outros_furtos,66.0,219278
480052,-42.970366384999984,-22.796232407999984,Grande Niterói,3304904,São Gonçalo,4,7,74,2018,4,outros_furtos,95.0,219328
480053,-42.97640571299996,-22.860173744999944,Grande Niterói,3304904,São Gonçalo,4,7,75,2018,4,outros_furtos,85.0,219378
498397,-43.03652377599997,-22.79911572399993,Grande Niterói,3304904,São Gonçalo,4,7,72,2018,1,outros_roubos,46.0,218624
498398,-43.07746695999998,-22.830884117999968,Grande Niterói,3304904,São Gonçalo,4,7,73,2018,1,outros_roubos,39.0,218674
498399,-42.970366384999984,-22.796232407999984,Grande Niterói,3304904,São Gonçalo,4,7,74,2018,1,outros_roubos,53.0,218724
498400,-42.97640571299996,-22.860173744999944,Grande Niterói,3304904,São Gonçalo,4,7,75,2018,1,outros_roubos,34.0,218774
498401,-43.03652377599997,-22.79911572399993,Grande Niterói,3304904,São Gonçalo,4,7,72,2018,2,outros_roubos,36.0,218824
498402,-43.07746695999998,-22.830884117999968,Grande Niterói,3304904,São Gonçalo,4,7,73,2018,2,outros_roubos,44.0,218874
498403,-42.970366384999984,-22.796232407999984,Grande Niterói,3304904,São Gonçalo,4,7,74,2018,2,outros_roubos,59.0,218924
498404,-42.97640571299996,-22.860173744999944,Grande Niterói,3304904,São Gonçalo,4,7,75,2018,2,outros_roubos,42.0,218974
498405,-43.03652377599997,-22.79911572399993,Grande Niterói,3304904,São Gonçalo,4,7,72,2018,3,outros_roubos,57.0,219024
498406,-43.07746695999998,-22.830884117999968,Grande Niterói,3304904,São Gonçalo,4,7,73,2018,3,outros_roubos,35.0,219074
498407,-42.970366384999984,-22.796232407999984,Grande Niterói,3304904,São Gonçalo,4,7,74,2018,3,outros_roubos,78.0,219124
498408,-42.97640571299996,-22.860173744999944,Grande Niterói,3304904,São Gonçalo,4,7,75,2018,3,outros_roubos,30.0,219174
498409,-43.03652377599997,-22.79911572399993,Grande Niterói,3304904,São Gonçalo,4,7,72,2018,4,outros_roubos,42.0,219224
498410,-43.07746695999998,-22.830884117999968,Grande Niterói,3304904,São Gonçalo,4,7,73,2018,4,outros_roubos,56.0,219274
498411,-42.970366384999984,-22.796232407999984,Grande Niterói,3304904,São Gonçalo,4,7,74,2018,4,outros_roubos,67.0,219324
498412,-42.97640571299996,-22.860173744999944,Grande Niterói,3304904,São Gonçalo,4,7,75,2018,4,outros_roubos,71.0,219374
516756,-43.03652377599997,-22.79911572399993,Grande Niterói,3304904,São Gonçalo,4,7,72,2018,1,pessoas_desaparecidas,4.0,218644
516757,-43.07746695999998,-22.830884117999968,Grande Niterói,3304904,São Gonçalo,4,7,73,2018,1,pessoas_desaparecidas,8.0,218694
516758,-42.970366384999984,-22.796232407999984,Grande Niterói,3304904,São Gonçalo,4,7,74,2018,1,pessoas_desaparecidas,8.0,218744
516759,-42.97640571299996,-22.860173744999944,Grande Niterói,3304904,São Gonçalo,4,7,75,2018,1,pessoas_desaparecidas,2.0,218794
516760,-43.03652377599997,-22.79911572399993,Grande Niterói,3304904,São Gonçalo,4,7,72,2018,2,pessoas_desaparecidas,3.0,218844
516761,-43.07746695999998,-22.830884117999968,Grande Niterói,3304904,São Gonçalo,4,7,73,2018,2,pessoas_desaparecidas,1.0,218894
516762,-42.970366384999984,-22.796232407999984,Grande Niterói,3304904,São Gonçalo,4,7,74,2018,2,pessoas_desaparecidas,2.0,218944
516763,-42.97640571299996,-22.860173744999944,Grande Niterói,3304904,São Gonçalo,4,7,75,2018,2,pessoas_desaparecidas,1.0,218994
516764,-43.03652377599997,-22.79911572399993,Grande Niterói,3304904,São Gonçalo,4,7,72,2018,3,pessoas_desaparecidas,8.0,219044
516765,-43.07746695999998,-22.830884117999968,Grande Niterói,3304904,São Gonçalo,4,7,73,2018,3,pessoas_desaparecidas,2.0,219094
516766,-42.970366384999984,-22.796232407999984,Grande Niterói,3304904,São Gonçalo,4,7,74,2018,3,pessoas_desaparecidas,3.0,219144
516767,-42.97640571299996,-22.860173744999944,Grande Niterói,3304904,São Gonçalo,4,7,75,2018,3,pessoas_desaparecidas,0.0,219194
516768,-43.03652377599997,-22.79911572399993,Grande Niterói,3304904,São Gonçalo,4,7,72,2018,4,pessoas_desaparecidas,4.0,219244
516769,-43.07746695999998,-22.830884117999968,Grande Niterói,3304904,São Gonçalo,4,7,73,2018,4,pessoas_desaparecidas,4.0,219294
516770,-42.970366384999984,-22.796232407999984,Grande Niterói,3304904,São Gonçalo,4,7,74,2018,4,pessoas_desaparecidas,4.0,219344
516771,-42.97640571299996,-22.860173744999944,Grande Niterói,3304904,São Gonçalo,4,7,75,2018,4,pessoas_desaparecidas,5.0,219394
535115,-43.03652377599997,-22.79911572399993,Grande Niterói,3304904,São Gonçalo,4,7,72,2018,1,pol_civis_mortos_serv,0.0,218648
535116,-43.07746695999998,-22.830884117999968,Grande Niterói,3304904,São Gonçalo,4,7,73,2018,1,pol_civis_mortos_serv,0.0,218698
535117,-42.970366384999984,-22.796232407999984,Grande Niterói,3304904,São Gonçalo,4,7,74,2018,1,pol_civis_mortos_serv,0.0,218748
535118,-42.97640571299996,-22.860173744999944,Grande Niterói,3304904,São Gonçalo,4,7,75,2018,1,pol_civis_mortos_serv,0.0,218798
535119,-43.03652377599997,-22.79911572399993,Grande Niterói,3304904,São Gonçalo,4,7,72,2018,2,pol_civis_mortos_serv,0.0,218848
535120,-43.07746695999998,-22.830884117999968,Grande Niterói,3304904,São Gonçalo,4,7,73,2018,2,pol_civis_mortos_serv,0.0,218898
535121,-42.970366384999984,-22.796232407999984,Grande Niterói,3304904,São Gonçalo,4,7,74,2018,2,pol_civis_mortos_serv,0.0,218948
535122,-42.97640571299996,-22.860173744999944,Grande Niterói,3304904,São Gonçalo,4,7,75,2018,2,pol_civis_mortos_serv,0.0,218998
535123,-43.03652377599997,-22.79911572399993,Grande Niterói,3304904,São Gonçalo,4,7,72,2018,3,pol_civis_mortos_serv,0.0,219048
535124,-43.07746695999998,-22.830884117999968,Grande Niterói,3304904,São Gonçalo,4,7,73,2018,3,pol_civis_mortos_serv,0.0,219098
535125,-42.970366384999984,-22.796232407999984,Grande Niterói,3304904,São Gonçalo,4,7,74,2018,3,pol_civis_mortos_serv,0.0,219148
535126,-42.97640571299996,-22.860173744999944,Grande Niterói,3304904,São Gonçalo,4,7,75,2018,3,pol_civis_mortos_serv,0.0,219198
535127,-43.03652377599997,-22.79911572399993,Grande Niterói,3304904,São Gonçalo,4,7,72,2018,4,pol_civis_mortos_serv,0.0,219248
535128,-43.07746695999998,-22.830884117999968,Grande Niterói,3304904,São Gonçalo,4,7,73,2018,4,pol_civis_mortos_serv,0.0,219298
535129,-42.970366384999984,-22.796232407999984,Grande Niterói,3304904,São Gonçalo,4,7,74,2018,4,pol_civis_mortos_serv,0.0,219348
535130,-42.97640571299996,-22.860173744999944,Grande Niterói,3304904,São Gonçalo,4,7,75,2018,4,pol_civis_mortos_serv,0.0,219398
553474,-43.03652377599997,-22.79911572399993,Grande Niterói,3304904,São Gonçalo,4,7,72,2018,1,pol_militares_mortos_serv,0.0,218647
553475,-43.07746695999998,-22.830884117999968,Grande Niterói,3304904,São Gonçalo,4,7,73,2018,1,pol_militares_mortos_serv,0.0,218697
553476,-42.970366384999984,-22.796232407999984,Grande Niterói,3304904,São Gonçalo,4,7,74,2018,1,pol_militares_mortos_serv,0.0,218747
553477,-42.97640571299996,-22.860173744999944,Grande Niterói,3304904,São Gonçalo,4,7,75,2018,1,pol_militares_mortos_serv,0.0,218797
553478,-43.03652377599997,-22.79911572399993,Grande Niterói,3304904,São Gonçalo,4,7,72,2018,2,pol_militares_mortos_serv,0.0,218847
553479,-43.07746695999998,-22.830884117999968,Grande Niterói,3304904,São Gonçalo,4,7,73,2018,2,pol_militares_mortos_serv,0.0,218897
553480,-42.970366384999984,-22.796232407999984,Grande Niterói,3304904,São Gonçalo,4,7,74,2018,2,pol_militares_mortos_serv,0.0,218947
553481,-42.97640571299996,-22.860173744999944,Grande Niterói,3304904,São Gonçalo,4,7,75,2018,2,pol_militares_mortos_serv,0.0,218997
553482,-43.03652377599997,-22.79911572399993,Grande Niterói,3304904,São Gonçalo,4,7,72,2018,3,pol_militares_mortos_serv,0.0,219047
553483,-43.07746695999998,-22.830884117999968,Grande Niterói,3304904,São Gonçalo,4,7,73,2018,3,pol_militares_mortos_serv,0.0,219097
553484,-42.970366384999984,-22.796232407999984,Grande Niterói,3304904,São Gonçalo,4,7,74,2018,3,pol_militares_mortos_serv,0.0,219147
553485,-42.97640571299996,-22.860173744999944,Grande Niterói,3304904,São Gonçalo,4,7,75,2018,3,pol_militares_mortos_serv,0.0,219197
553486,-43.03652377599997,-22.79911572399993,Grande Niterói,3304904,São Gonçalo,4,7,72,2018,4,pol_militares_mortos_serv,0.0,219247
553487,-43.07746695999998,-22.830884117999968,Grande Niterói,3304904,São Gonçalo,4,7,73,2018,4,pol_militares_mortos_serv,0.0,219297
553488,-42.970366384999984,-22.796232407999984,Grande Niterói,3304904,São Gonçalo,4,7,74,2018,4,pol_militares_mortos_serv,0.0,219347
553489,-42.97640571299996,-22.860173744999944,Grande Niterói,3304904,São Gonçalo,4,7,75,2018,4,pol_militares_mortos_serv,0.0,219397
571833,-43.03652377599997,-22.79911572399993,Grande Niterói,3304904,São Gonçalo,4,7,72,2018,1,prisoes,,218637
571834,-43.07746695999998,-22.830884117999968,Grande Niterói,3304904,São Gonçalo,4,7,73,2018,1,prisoes,,218687
571835,-42.970366384999984,-22.796232407999984,Grande Niterói,3304904,São Gonçalo,4,7,74,2018,1,prisoes,,218737
571836,-42.97640571299996,-22.860173744999944,Grande Niterói,3304904,São Gonçalo,4,7,75,2018,1,prisoes,,218787
571837,-43.03652377599997,-22.79911572399993,Grande Niterói,3304904,São Gonçalo,4,7,72,2018,2,prisoes,,218837
571838,-43.07746695999998,-22.830884117999968,Grande Niterói,3304904,São Gonçalo,4,7,73,2018,2,prisoes,,218887
571839,-42.970366384999984,-22.796232407999984,Grande Niterói,3304904,São Gonçalo,4,7,74,2018,2,prisoes,,218937
571840,-42.97640571299996,-22.860173744999944,Grande Niterói,3304904,São Gonçalo,4,7,75,2018,2,prisoes,,218987
571841,-43.03652377599997,-22.79911572399993,Grande Niterói,3304904,São Gonçalo,4,7,72,2018,3,prisoes,,219037
571842,-43.07746695999998,-22.830884117999968,Grande Niterói,3304904,São Gonçalo,4,7,73,2018,3,prisoes,,219087
571843,-42.970366384999984,-22.796232407999984,Grande Niterói,3304904,São Gonçalo,4,7,74,2018,3,prisoes,,219137
571844,-42.97640571299996,-22.860173744999944,Grande Niterói,3304904,São Gonçalo,4,7,75,2018,3,prisoes,,219187
571845,-43.03652377599997,-22.79911572399993,Grande Niterói,3304904,São Gonçalo,4,7,72,2018,4,prisoes,0.0,219237
571846,-43.07746695999998,-22.830884117999968,Grande Niterói,3304904,São Gonçalo,4,7,73,2018,4,prisoes,0.0,219287
571847,-42.970366384999984,-22.796232407999984,Grande Niterói,3304904,São Gonçalo,4,7,74,2018,4,prisoes,0.0,219337
571848,-42.97640571299996,-22.860173744999944,Grande Niterói,3304904,São Gonçalo,4,7,75,2018,4,prisoes,0.0,219387
590192,-43.03652377599997,-22.79911572399993,Grande Niterói,3304904,São Gonçalo,4,7,72,2018,1,recuperacao_veiculos,161.0,218635
590193,-43.07746695999998,-22.830884117999968,Grande Niterói,3304904,São Gonçalo,4,7,73,2018,1,recuperacao_veiculos,87.0,218685
590194,-42.970366384999984,-22.796232407999984,Grande Niterói,3304904,São Gonçalo,4,7,74,2018,1,recuperacao_veiculos,91.0,218735
590195,-42.97640571299996,-22.860173744999944,Grande Niterói,3304904,São Gonçalo,4,7,75,2018,1,recuperacao_veiculos,84.0,218785
590196,-43.03652377599997,-22.79911572399993,Grande Niterói,3304904,São Gonçalo,4,7,72,2018,2,recuperacao_veiculos,124.0,218835
590197,-43.07746695999998,-22.830884117999968,Grande Niterói,3304904,São Gonçalo,4,7,73,2018,2,recuperacao_veiculos,39.0,218885
590198,-42.970366384999984,-22.796232407999984,Grande Niterói,3304904,São Gonçalo,4,7,74,2018,2,recuperacao_veiculos,93.0,218935
590199,-42.97640571299996,-22.860173744999944,Grande Niterói,3304904,São Gonçalo,4,7,75,2018,2,recuperacao_veiculos,88.0,218985
590200,-43.03652377599997,-22.79911572399993,Grande Niterói,3304904,São Gonçalo,4,7,72,2018,3,recuperacao_veiculos,156.0,219035
590201,-43.07746695999998,-22.830884117999968,Grande Niterói,3304904,São Gonçalo,4,7,73,2018,3,recuperacao_veiculos,77.0,219085
590202,-42.970366384999984,-22.796232407999984,Grande Niterói,3304904,São Gonçalo,4,7,74,2018,3,recuperacao_veiculos,98.0,219135
590203,-42.97640571299996,-22.860173744999944,Grande Niterói,3304904,São Gonçalo,4,7,75,2018,3,recuperacao_veiculos,88.0,219185
590204,-43.03652377599997,-22.79911572399993,Grande Niterói,3304904,São Gonçalo,4,7,72,2018,4,recuperacao_veiculos,162.0,219235
590205,-43.07746695999998,-22.830884117999968,Grande Niterói,3304904,São Gonçalo,4,7,73,2018,4,recuperacao_veiculos,76.0,219285
590206,-42.970366384999984,-22.796232407999984,Grande Niterói,3304904,São Gonçalo,4,7,74,2018,4,recuperacao_veiculos,91.0,219335
590207,-42.97640571299996,-22.860173744999944,Grande Niterói,3304904,São Gonçalo,4,7,75,2018,4,recuperacao_veiculos,105.0,219385
608551,-43.03652377599997,-22.79911572399993,Grande Niterói,3304904,São Gonçalo,4,7,72,2018,1,registro_ocorrencias,1253.0,218652
608552,-43.07746695999998,-22.830884117999968,Grande Niterói,3304904,São Gonçalo,4,7,73,2018,1,registro_ocorrencias,901.0,218702
608553,-42.970366384999984,-22.796232407999984,Grande Niterói,3304904,São Gonçalo,4,7,74,2018,1,registro_ocorrencias,1059.0,218752
608554,-42.97640571299996,-22.860173744999944,Grande Niterói,3304904,São Gonçalo,4,7,75,2018,1,registro_ocorrencias,660.0,218802
608555,-43.03652377599997,-22.79911572399993,Grande Niterói,3304904,São Gonçalo,4,7,72,2018,2,registro_ocorrencias,1005.0,218852
608556,-43.07746695999998,-22.830884117999968,Grande Niterói,3304904,São Gonçalo,4,7,73,2018,2,registro_ocorrencias,668.0,218902
608557,-42.970366384999984,-22.796232407999984,Grande Niterói,3304904,São Gonçalo,4,7,74,2018,2,registro_ocorrencias,930.0,218952
608558,-42.97640571299996,-22.860173744999944,Grande Niterói,3304904,São Gonçalo,4,7,75,2018,2,registro_ocorrencias,583.0,219002
608559,-43.03652377599997,-22.79911572399993,Grande Niterói,3304904,São Gonçalo,4,7,72,2018,3,registro_ocorrencias,1289.0,219052
608560,-43.07746695999998,-22.830884117999968,Grande Niterói,3304904,São Gonçalo,4,7,73,2018,3,registro_ocorrencias,838.0,219102
608561,-42.970366384999984,-22.796232407999984,Grande Niterói,3304904,São Gonçalo,4,7,74,2018,3,registro_ocorrencias,1136.0,219152
608562,-42.97640571299996,-22.860173744999944,Grande Niterói,3304904,São Gonçalo,4,7,75,2018,3,registro_ocorrencias,578.0,219202
608563,-43.03652377599997,-22.79911572399993,Grande Niterói,3304904,São Gonçalo,4,7,72,2018,4,registro_ocorrencias,1091.0,219252
608564,-43.07746695999998,-22.830884117999968,Grande Niterói,3304904,São Gonçalo,4,7,73,2018,4,registro_ocorrencias,843.0,219302
608565,-42.970366384999984,-22.796232407999984,Grande Niterói,3304904,São Gonçalo,4,7,74,2018,4,registro_ocorrencias,1079.0,219352
608566,-42.97640571299996,-22.860173744999944,Grande Niterói,3304904,São Gonçalo,4,7,75,2018,4,registro_ocorrencias,1064.0,219402
626910,-43.03652377599997,-22.79911572399993,Grande Niterói,3304904,São Gonçalo,4,7,72,2018,1,roubo_banco,0.0,218619
626911,-43.07746695999998,-22.830884117999968,Grande Niterói,3304904,São Gonçalo,4,7,73,2018,1,roubo_banco,0.0,218669
626912,-42.970366384999984,-22.796232407999984,Grande Niterói,3304904,São Gonçalo,4,7,74,2018,1,roubo_banco,0.0,218719
626913,-42.97640571299996,-22.860173744999944,Grande Niterói,3304904,São Gonçalo,4,7,75,2018,1,roubo_banco,0.0,218769
626914,-43.03652377599997,-22.79911572399993,Grande Niterói,3304904,São Gonçalo,4,7,72,2018,2,roubo_banco,0.0,218819
626915,-43.07746695999998,-22.830884117999968,Grande Niterói,3304904,São Gonçalo,4,7,73,2018,2,roubo_banco,0.0,218869
626916,-42.970366384999984,-22.796232407999984,Grande Niterói,3304904,São Gonçalo,4,7,74,2018,2,roubo_banco,0.0,218919
626917,-42.97640571299996,-22.860173744999944,Grande Niterói,3304904,São Gonçalo,4,7,75,2018,2,roubo_banco,0.0,218969
626918,-43.03652377599997,-22.79911572399993,Grande Niterói,3304904,São Gonçalo,4,7,72,2018,3,roubo_banco,0.0,219019
626919,-43.07746695999998,-22.830884117999968,Grande Niterói,3304904,São Gonçalo,4,7,73,2018,3,roubo_banco,0.0,219069
626920,-42.970366384999984,-22.796232407999984,Grande Niterói,3304904,São Gonçalo,4,7,74,2018,3,roubo_banco,0.0,219119
626921,-42.97640571299996,-22.860173744999944,Grande Niterói,3304904,São Gonçalo,4,7,75,2018,3,roubo_banco,0.0,219169
626922,-43.03652377599997,-22.79911572399993,Grande Niterói,3304904,São Gonçalo,4,7,72,2018,4,roubo_banco,0.0,219219
626923,-43.07746695999998,-22.830884117999968,Grande Niterói,3304904,São Gonçalo,4,7,73,2018,4,roubo_banco,0.0,219269
626924,-42.970366384999984,-22.796232407999984,Grande Niterói,3304904,São Gonçalo,4,7,74,2018,4,roubo_banco,0.0,219319
626925,-42.97640571299996,-22.860173744999944,Grande Niterói,3304904,São Gonçalo,4,7,75,2018,4,roubo_banco,0.0,219369
645269,-43.03652377599997,-22.79911572399993,Grande Niterói,3304904,São Gonçalo,4,7,72,2018,1,roubo_bicicleta,0.0,218623
645270,-43.07746695999998,-22.830884117999968,Grande Niterói,3304904,São Gonçalo,4,7,73,2018,1,roubo_bicicleta,0.0,218673
645271,-42.970366384999984,-22.796232407999984,Grande Niterói,3304904,São Gonçalo,4,7,74,2018,1,roubo_bicicleta,1.0,218723
645272,-42.97640571299996,-22.860173744999944,Grande Niterói,3304904,São Gonçalo,4,7,75,2018,1,roubo_bicicleta,0.0,218773
645273,-43.03652377599997,-22.79911572399993,Grande Niterói,3304904,São Gonçalo,4,7,72,2018,2,roubo_bicicleta,0.0,218823
645274,-43.07746695999998,-22.830884117999968,Grande Niterói,3304904,São Gonçalo,4,7,73,2018,2,roubo_bicicleta,0.0,218873
645275,-42.970366384999984,-22.796232407999984,Grande Niterói,3304904,São Gonçalo,4,7,74,2018,2,roubo_bicicleta,0.0,218923
645276,-42.97640571299996,-22.860173744999944,Grande Niterói,3304904,São Gonçalo,4,7,75,2018,2,roubo_bicicleta,0.0,218973
645277,-43.03652377599997,-22.79911572399993,Grande Niterói,3304904,São Gonçalo,4,7,72,2018,3,roubo_bicicleta,0.0,219023
645278,-43.07746695999998,-22.830884117999968,Grande Niterói,3304904,São Gonçalo,4,7,73,2018,3,roubo_bicicleta,0.0,219073
645279,-42.970366384999984,-22.796232407999984,Grande Niterói,3304904,São Gonçalo,4,7,74,2018,3,roubo_bicicleta,0.0,219123
645280,-42.97640571299996,-22.860173744999944,Grande Niterói,3304904,São Gonçalo,4,7,75,2018,3,roubo_bicicleta,0.0,219173
645281,-43.03652377599997,-22.79911572399993,Grande Niterói,3304904,São Gonçalo,4,7,72,2018,4,roubo_bicicleta,0.0,219223
645282,-43.07746695999998,-22.830884117999968,Grande Niterói,3304904,São Gonçalo,4,7,73,2018,4,roubo_bicicleta,0.0,219273
645283,-42.970366384999984,-22.796232407999984,Grande Niterói,3304904,São Gonçalo,4,7,74,2018,4,roubo_bicicleta,0.0,219323
645284,-42.97640571299996,-22.860173744999944,Grande Niterói,3304904,São Gonçalo,4,7,75,2018,4,roubo_bicicleta,0.0,219373
663628,-43.03652377599997,-22.79911572399993,Grande Niterói,3304904,São Gonçalo,4,7,72,2018,1,roubo_carga,63.0,218616
663629,-43.07746695999998,-22.830884117999968,Grande Niterói,3304904,São Gonçalo,4,7,73,2018,1,roubo_carga,28.0,218666
663630,-42.970366384999984,-22.796232407999984,Grande Niterói,3304904,São Gonçalo,4,7,74,2018,1,roubo_carga,48.0,218716
663631,-42.97640571299996,-22.860173744999944,Grande Niterói,3304904,São Gonçalo,4,7,75,2018,1,roubo_carga,41.0,218766
663632,-43.03652377599997,-22.79911572399993,Grande Niterói,3304904,São Gonçalo,4,7,72,2018,2,roubo_carga,41.0,218816
663633,-43.07746695999998,-22.830884117999968,Grande Niterói,3304904,São Gonçalo,4,7,73,2018,2,roubo_carga,12.0,218866
663634,-42.970366384999984,-22.796232407999984,Grande Niterói,3304904,São Gonçalo,4,7,74,2018,2,roubo_carga,51.0,218916
663635,-42.97640571299996,-22.860173744999944,Grande Niterói,3304904,São Gonçalo,4,7,75,2018,2,roubo_carga,31.0,218966
663636,-43.03652377599997,-22.79911572399993,Grande Niterói,3304904,São Gonçalo,4,7,72,2018,3,roubo_carga,103.0,219016
663637,-43.07746695999998,-22.830884117999968,Grande Niterói,3304904,São Gonçalo,4,7,73,2018,3,roubo_carga,40.0,219066
663638,-42.970366384999984,-22.796232407999984,Grande Niterói,3304904,São Gonçalo,4,7,74,2018,3,roubo_carga,58.0,219116
663639,-42.97640571299996,-22.860173744999944,Grande Niterói,3304904,São Gonçalo,4,7,75,2018,3,roubo_carga,24.0,219166
663640,-43.03652377599997,-22.79911572399993,Grande Niterói,3304904,São Gonçalo,4,7,72,2018,4,roubo_carga,78.0,219216
663641,-43.07746695999998,-22.830884117999968,Grande Niterói,3304904,São Gonçalo,4,7,73,2018,4,roubo_carga,28.0,219266
663642,-42.970366384999984,-22.796232407999984,Grande Niterói,3304904,São Gonçalo,4,7,74,2018,4,roubo_carga,59.0,219316
663643,-42.97640571299996,-22.860173744999944,Grande Niterói,3304904,São Gonçalo,4,7,75,2018,4,roubo_carga,27.0,219366
681987,-43.03652377599997,-22.79911572399993,Grande Niterói,3304904,São Gonçalo,4,7,72,2018,1,roubo_celular,56.0,218621
681988,-43.07746695999998,-22.830884117999968,Grande Niterói,3304904,São Gonçalo,4,7,73,2018,1,roubo_celular,26.0,218671
681989,-42.970366384999984,-22.796232407999984,Grande Niterói,3304904,São Gonçalo,4,7,74,2018,1,roubo_celular,42.0,218721
681990,-42.97640571299996,-22.860173744999944,Grande Niterói,3304904,São Gonçalo,4,7,75,2018,1,roubo_celular,16.0,218771
681991,-43.03652377599997,-22.79911572399993,Grande Niterói,3304904,São Gonçalo,4,7,72,2018,2,roubo_celular,73.0,218821
681992,-43.07746695999998,-22.830884117999968,Grande Niterói,3304904,São Gonçalo,4,7,73,2018,2,roubo_celular,23.0,218871
681993,-42.970366384999984,-22.796232407999984,Grande Niterói,3304904,São Gonçalo,4,7,74,2018,2,roubo_celular,25.0,218921
681994,-42.97640571299996,-22.860173744999944,Grande Niterói,3304904,São Gonçalo,4,7,75,2018,2,roubo_celular,17.0,218971
681995,-43.03652377599997,-22.79911572399993,Grande Niterói,3304904,São Gonçalo,4,7,72,2018,3,roubo_celular,68.0,219021
681996,-43.07746695999998,-22.830884117999968,Grande Niterói,3304904,São Gonçalo,4,7,73,2018,3,roubo_celular,37.0,219071
681997,-42.970366384999984,-22.796232407999984,Grande Niterói,3304904,São Gonçalo,4,7,74,2018,3,roubo_celular,33.0,219121
681998,-42.97640571299996,-22.860173744999944,Grande Niterói,3304904,São Gonçalo,4,7,75,2018,3,roubo_celular,13.0,219171
681999,-43.03652377599997,-22.79911572399993,Grande Niterói,3304904,São Gonçalo,4,7,72,2018,4,roubo_celular,45.0,219221
682000,-43.07746695999998,-22.830884117999968,Grande Niterói,3304904,São Gonçalo,4,7,73,2018,4,roubo_celular,38.0,219271
682001,-42.970366384999984,-22.796232407999984,Grande Niterói,3304904,São Gonçalo,4,7,74,2018,4,roubo_celular,24.0,219321
682002,-42.97640571299996,-22.860173744999944,Grande Niterói,3304904,São Gonçalo,4,7,75,2018,4,roubo_celular,22.0,219371
700346,-43.03652377599997,-22.79911572399993,Grande Niterói,3304904,São Gonçalo,4,7,72,2018,1,roubo_comercio,16.0,218613
700347,-43.07746695999998,-22.830884117999968,Grande Niterói,3304904,São Gonçalo,4,7,73,2018,1,roubo_comercio,13.0,218663
700348,-42.970366384999984,-22.796232407999984,Grande Niterói,3304904,São Gonçalo,4,7,74,2018,1,roubo_comercio,11.0,218713
700349,-42.97640571299996,-22.860173744999944,Grande Niterói,3304904,São Gonçalo,4,7,75,2018,1,roubo_comercio,13.0,218763
700350,-43.03652377599997,-22.79911572399993,Grande Niterói,3304904,São Gonçalo,4,7,72,2018,2,roubo_comercio,16.0,218813
700351,-43.07746695999998,-22.830884117999968,Grande Niterói,3304904,São Gonçalo,4,7,73,2018,2,roubo_comercio,8.0,218863
700352,-42.970366384999984,-22.796232407999984,Grande Niterói,3304904,São Gonçalo,4,7,74,2018,2,roubo_comercio,11.0,218913
700353,-42.97640571299996,-22.860173744999944,Grande Niterói,3304904,São Gonçalo,4,7,75,2018,2,roubo_comercio,20.0,218963
700354,-43.03652377599997,-22.79911572399993,Grande Niterói,3304904,São Gonçalo,4,7,72,2018,3,roubo_comercio,22.0,219013
700355,-43.07746695999998,-22.830884117999968,Grande Niterói,3304904,São Gonçalo,4,7,73,2018,3,roubo_comercio,12.0,219063
700356,-42.970366384999984,-22.796232407999984,Grande Niterói,3304904,São Gonçalo,4,7,74,2018,3,roubo_comercio,3.0,219113
700357,-42.97640571299996,-22.860173744999944,Grande Niterói,3304904,São Gonçalo,4,7,75,2018,3,roubo_comercio,16.0,219163
700358,-43.03652377599997,-22.79911572399993,Grande Niterói,3304904,São Gonçalo,4,7,72,2018,4,roubo_comercio,5.0,219213
700359,-43.07746695999998,-22.830884117999968,Grande Niterói,3304904,São Gonçalo,4,7,73,2018,4,roubo_comercio,9.0,219263
700360,-42.970366384999984,-22.796232407999984,Grande Niterói,3304904,São Gonçalo,4,7,74,2018,4,roubo_comercio,12.0,219313
700361,-42.97640571299996,-22.860173744999944,Grande Niterói,3304904,São Gonçalo,4,7,75,2018,4,roubo_comercio,29.0,219363
718705,-43.03652377599997,-22.79911572399993,Grande Niterói,3304904,São Gonçalo,4,7,72,2018,1,roubo_conducao_saque,0.0,218622
718706,-43.07746695999998,-22.830884117999968,Grande Niterói,3304904,São Gonçalo,4,7,73,2018,1,roubo_conducao_saque,0.0,218672
718707,-42.970366384999984,-22.796232407999984,Grande Niterói,3304904,São Gonçalo,4,7,74,2018,1,roubo_conducao_saque,0.0,218722
718708,-42.97640571299996,-22.860173744999944,Grande Niterói,3304904,São Gonçalo,4,7,75,2018,1,roubo_conducao_saque,0.0,218772
718709,-43.03652377599997,-22.79911572399993,Grande Niterói,3304904,São Gonçalo,4,7,72,2018,2,roubo_conducao_saque,0.0,218822
718710,-43.07746695999998,-22.830884117999968,Grande Niterói,3304904,São Gonçalo,4,7,73,2018,2,roubo_conducao_saque,0.0,218872
718711,-42.970366384999984,-22.796232407999984,Grande Niterói,3304904,São Gonçalo,4,7,74,2018,2,roubo_conducao_saque,0.0,218922
718712,-42.97640571299996,-22.860173744999944,Grande Niterói,3304904,São Gonçalo,4,7,75,2018,2,roubo_conducao_saque,0.0,218972
718713,-43.03652377599997,-22.79911572399993,Grande Niterói,3304904,São Gonçalo,4,7,72,2018,3,roubo_conducao_saque,0.0,219022
718714,-43.07746695999998,-22.830884117999968,Grande Niterói,3304904,São Gonçalo,4,7,73,2018,3,roubo_conducao_saque,0.0,219072
718715,-42.970366384999984,-22.796232407999984,Grande Niterói,3304904,São Gonçalo,4,7,74,2018,3,roubo_conducao_saque,1.0,219122
718716,-42.97640571299996,-22.860173744999944,Grande Niterói,3304904,São Gonçalo,4,7,75,2018,3,roubo_conducao_saque,0.0,219172
718717,-43.03652377599997,-22.79911572399993,Grande Niterói,3304904,São Gonçalo,4,7,72,2018,4,roubo_conducao_saque,0.0,219222
718718,-43.07746695999998,-22.830884117999968,Grande Niterói,3304904,São Gonçalo,4,7,73,2018,4,roubo_conducao_saque,1.0,219272
718719,-42.970366384999984,-22.796232407999984,Grande Niterói,3304904,São Gonçalo,4,7,74,2018,4,roubo_conducao_saque,1.0,219322
718720,-42.97640571299996,-22.860173744999944,Grande Niterói,3304904,São Gonçalo,4,7,75,2018,4,roubo_conducao_saque,1.0,219372
737064,-43.03652377599997,-22.79911572399993,Grande Niterói,3304904,São Gonçalo,4,7,72,2018,1,roubo_cx_eletronico,5.0,218620
737065,-43.07746695999998,-22.830884117999968,Grande Niterói,3304904,São Gonçalo,4,7,73,2018,1,roubo_cx_eletronico,0.0,218670
737066,-42.970366384999984,-22.796232407999984,Grande Niterói,3304904,São Gonçalo,4,7,74,2018,1,roubo_cx_eletronico,0.0,218720
737067,-42.97640571299996,-22.860173744999944,Grande Niterói,3304904,São Gonçalo,4,7,75,2018,1,roubo_cx_eletronico,0.0,218770
737068,-43.03652377599997,-22.79911572399993,Grande Niterói,3304904,São Gonçalo,4,7,72,2018,2,roubo_cx_eletronico,1.0,218820
737069,-43.07746695999998,-22.830884117999968,Grande Niterói,3304904,São Gonçalo,4,7,73,2018,2,roubo_cx_eletronico,0.0,218870
737070,-42.970366384999984,-22.796232407999984,Grande Niterói,3304904,São Gonçalo,4,7,74,2018,2,roubo_cx_eletronico,0.0,218920
737071,-42.97640571299996,-22.860173744999944,Grande Niterói,3304904,São Gonçalo,4,7,75,2018,2,roubo_cx_eletronico,0.0,218970
737072,-43.03652377599997,-22.79911572399993,Grande Niterói,3304904,São Gonçalo,4,7,72,2018,3,roubo_cx_eletronico,0.0,219020
737073,-43.07746695999998,-22.830884117999968,Grande Niterói,3304904,São Gonçalo,4,7,73,2018,3,roubo_cx_eletronico,0.0,219070
737074,-42.970366384999984,-22.796232407999984,Grande Niterói,3304904,São Gonçalo,4,7,74,2018,3,roubo_cx_eletronico,0.0,219120
737075,-42.97640571299996,-22.860173744999944,Grande Niterói,3304904,São Gonçalo,4,7,75,2018,3,roubo_cx_eletronico,0.0,219170
737076,-43.03652377599997,-22.79911572399993,Grande Niterói,3304904,São Gonçalo,4,7,72,2018,4,roubo_cx_eletronico,0.0,219220
737077,-43.07746695999998,-22.830884117999968,Grande Niterói,3304904,São Gonçalo,4,7,73,2018,4,roubo_cx_eletronico,0.0,219270
737078,-42.970366384999984,-22.796232407999984,Grande Niterói,3304904,São Gonçalo,4,7,74,2018,4,roubo_cx_eletronico,0.0,219320
737079,-42.97640571299996,-22.860173744999944,Grande Niterói,3304904,São Gonçalo,4,7,75,2018,4,roubo_cx_eletronico,0.0,219370
755423,-43.03652377599997,-22.79911572399993,Grande Niterói,3304904,São Gonçalo,4,7,72,2018,1,roubo_em_coletivo,11.0,218618
755424,-43.07746695999998,-22.830884117999968,Grande Niterói,3304904,São Gonçalo,4,7,73,2018,1,roubo_em_coletivo,7.0,218668
755425,-42.970366384999984,-22.796232407999984,Grande Niterói,3304904,São Gonçalo,4,7,74,2018,1,roubo_em_coletivo,29.0,218718
755426,-42.97640571299996,-22.860173744999944,Grande Niterói,3304904,São Gonçalo,4,7,75,2018,1,roubo_em_coletivo,7.0,218768
755427,-43.03652377599997,-22.79911572399993,Grande Niterói,3304904,São Gonçalo,4,7,72,2018,2,roubo_em_coletivo,28.0,218818
755428,-43.07746695999998,-22.830884117999968,Grande Niterói,3304904,São Gonçalo,4,7,73,2018,2,roubo_em_coletivo,18.0,218868
755429,-42.970366384999984,-22.796232407999984,Grande Niterói,3304904,São Gonçalo,4,7,74,2018,2,roubo_em_coletivo,17.0,218918
755430,-42.97640571299996,-22.860173744999944,Grande Niterói,3304904,São Gonçalo,4,7,75,2018,2,roubo_em_coletivo,8.0,218968
755431,-43.03652377599997,-22.79911572399993,Grande Niterói,3304904,São Gonçalo,4,7,72,2018,3,roubo_em_coletivo,42.0,219018
755432,-43.07746695999998,-22.830884117999968,Grande Niterói,3304904,São Gonçalo,4,7,73,2018,3,roubo_em_coletivo,9.0,219068
755433,-42.970366384999984,-22.796232407999984,Grande Niterói,3304904,São Gonçalo,4,7,74,2018,3,roubo_em_coletivo,19.0,219118
755434,-42.97640571299996,-22.860173744999944,Grande Niterói,3304904,São Gonçalo,4,7,75,2018,3,roubo_em_coletivo,11.0,219168
755435,-43.03652377599997,-22.79911572399993,Grande Niterói,3304904,São Gonçalo,4,7,72,2018,4,roubo_em_coletivo,25.0,219218
755436,-43.07746695999998,-22.830884117999968,Grande Niterói,3304904,São Gonçalo,4,7,73,2018,4,roubo_em_coletivo,38.0,219268
755437,-42.970366384999984,-22.796232407999984,Grande Niterói,3304904,São Gonçalo,4,7,74,2018,4,roubo_em_coletivo,20.0,219318
755438,-42.97640571299996,-22.860173744999944,Grande Niterói,3304904,São Gonçalo,4,7,75,2018,4,roubo_em_coletivo,18.0,219368
773782,-43.03652377599997,-22.79911572399993,Grande Niterói,3304904,São Gonçalo,4,7,72,2018,1,roubo_residencia,1.0,218614
773783,-43.07746695999998,-22.830884117999968,Grande Niterói,3304904,São Gonçalo,4,7,73,2018,1,roubo_residencia,0.0,218664
773784,-42.970366384999984,-22.796232407999984,Grande Niterói,3304904,São Gonçalo,4,7,74,2018,1,roubo_residencia,4.0,218714
773785,-42.97640571299996,-22.860173744999944,Grande Niterói,3304904,São Gonçalo,4,7,75,2018,1,roubo_residencia,5.0,218764
773786,-43.03652377599997,-22.79911572399993,Grande Niterói,3304904,São Gonçalo,4,7,72,2018,2,roubo_residencia,5.0,218814
773787,-43.07746695999998,-22.830884117999968,Grande Niterói,3304904,São Gonçalo,4,7,73,2018,2,roubo_residencia,2.0,218864
773788,-42.970366384999984,-22.796232407999984,Grande Niterói,3304904,São Gonçalo,4,7,74,2018,2,roubo_residencia,3.0,218914
773789,-42.97640571299996,-22.860173744999944,Grande Niterói,3304904,São Gonçalo,4,7,75,2018,2,roubo_residencia,1.0,218964
773790,-43.03652377599997,-22.79911572399993,Grande Niterói,3304904,São Gonçalo,4,7,72,2018,3,roubo_residencia,3.0,219014
773791,-43.07746695999998,-22.830884117999968,Grande Niterói,3304904,São Gonçalo,4,7,73,2018,3,roubo_residencia,7.0,219064
773792,-42.970366384999984,-22.796232407999984,Grande Niterói,3304904,São Gonçalo,4,7,74,2018,3,roubo_residencia,4.0,219114
773793,-42.97640571299996,-22.860173744999944,Grande Niterói,3304904,São Gonçalo,4,7,75,2018,3,roubo_residencia,2.0,219164
773794,-43.03652377599997,-22.79911572399993,Grande Niterói,3304904,São Gonçalo,4,7,72,2018,4,roubo_residencia,2.0,219214
773795,-43.07746695999998,-22.830884117999968,Grande Niterói,3304904,São Gonçalo,4,7,73,2018,4,roubo_residencia,0.0,219264
773796,-42.970366384999984,-22.796232407999984,Grande Niterói,3304904,São Gonçalo,4,7,74,2018,4,roubo_residencia,2.0,219314
773797,-42.97640571299996,-22.860173744999944,Grande Niterói,3304904,São Gonçalo,4,7,75,2018,4,roubo_residencia,4.0,219364
792141,-43.03652377599997,-22.79911572399993,Grande Niterói,3304904,São Gonçalo,4,7,72,2018,1,roubo_transeunte,226.0,218617
792142,-43.07746695999998,-22.830884117999968,Grande Niterói,3304904,São Gonçalo,4,7,73,2018,1,roubo_transeunte,168.0,218667
792143,-42.970366384999984,-22.796232407999984,Grande Niterói,3304904,São Gonçalo,4,7,74,2018,1,roubo_transeunte,128.0,218717
792144,-42.97640571299996,-22.860173744999944,Grande Niterói,3304904,São Gonçalo,4,7,75,2018,1,roubo_transeunte,137.0,218767
792145,-43.03652377599997,-22.79911572399993,Grande Niterói,3304904,São Gonçalo,4,7,72,2018,2,roubo_transeunte,172.0,218817
792146,-43.07746695999998,-22.830884117999968,Grande Niterói,3304904,São Gonçalo,4,7,73,2018,2,roubo_transeunte,133.0,218867
792147,-42.970366384999984,-22.796232407999984,Grande Niterói,3304904,São Gonçalo,4,7,74,2018,2,roubo_transeunte,118.0,218917
792148,-42.97640571299996,-22.860173744999944,Grande Niterói,3304904,São Gonçalo,4,7,75,2018,2,roubo_transeunte,94.0,218967
792149,-43.03652377599997,-22.79911572399993,Grande Niterói,3304904,São Gonçalo,4,7,72,2018,3,roubo_transeunte,191.0,219017
792150,-43.07746695999998,-22.830884117999968,Grande Niterói,3304904,São Gonçalo,4,7,73,2018,3,roubo_transeunte,152.0,219067
792151,-42.970366384999984,-22.796232407999984,Grande Niterói,3304904,São Gonçalo,4,7,74,2018,3,roubo_transeunte,153.0,219117
792152,-42.97640571299996,-22.860173744999944,Grande Niterói,3304904,São Gonçalo,4,7,75,2018,3,roubo_transeunte,120.0,219167
792153,-43.03652377599997,-22.79911572399993,Grande Niterói,3304904,São Gonçalo,4,7,72,2018,4,roubo_transeunte,153.0,219217
792154,-43.07746695999998,-22.830884117999968,Grande Niterói,3304904,São Gonçalo,4,7,73,2018,4,roubo_transeunte,156.0,219267
792155,-42.970366384999984,-22.796232407999984,Grande Niterói,3304904,São Gonçalo,4,7,74,2018,4,roubo_transeunte,175.0,219317
792156,-42.97640571299996,-22.860173744999944,Grande Niterói,3304904,São Gonçalo,4,7,75,2018,4,roubo_transeunte,298.0,219367
810500,-43.03652377599997,-22.79911572399993,Grande Niterói,3304904,São Gonçalo,4,7,72,2018,1,roubo_veiculo,130.0,218615
810501,-43.07746695999998,-22.830884117999968,Grande Niterói,3304904,São Gonçalo,4,7,73,2018,1,roubo_veiculo,165.0,218665
810502,-42.970366384999984,-22.796232407999984,Grande Niterói,3304904,São Gonçalo,4,7,74,2018,1,roubo_veiculo,164.0,218715
810503,-42.97640571299996,-22.860173744999944,Grande Niterói,3304904,São Gonçalo,4,7,75,2018,1,roubo_veiculo,144.0,218765
810504,-43.03652377599997,-22.79911572399993,Grande Niterói,3304904,São Gonçalo,4,7,72,2018,2,roubo_veiculo,134.0,218815
810505,-43.07746695999998,-22.830884117999968,Grande Niterói,3304904,São Gonçalo,4,7,73,2018,2,roubo_veiculo,128.0,218865
810506,-42.970366384999984,-22.796232407999984,Grande Niterói,3304904,São Gonçalo,4,7,74,2018,2,roubo_veiculo,168.0,218915
810507,-42.97640571299996,-22.860173744999944,Grande Niterói,3304904,São Gonçalo,4,7,75,2018,2,roubo_veiculo,113.0,218965
810508,-43.03652377599997,-22.79911572399993,Grande Niterói,3304904,São Gonçalo,4,7,72,2018,3,roubo_veiculo,122.0,219015
810509,-43.07746695999998,-22.830884117999968,Grande Niterói,3304904,São Gonçalo,4,7,73,2018,3,roubo_veiculo,172.0,219065
810510,-42.970366384999984,-22.796232407999984,Grande Niterói,3304904,São Gonçalo,4,7,74,2018,3,roubo_veiculo,218.0,219115
810511,-42.97640571299996,-22.860173744999944,Grande Niterói,3304904,São Gonçalo,4,7,75,2018,3,roubo_veiculo,120.0,219165
810512,-43.03652377599997,-22.79911572399993,Grande Niterói,3304904,São Gonçalo,4,7,72,2018,4,roubo_veiculo,128.0,219215
810513,-43.07746695999998,-22.830884117999968,Grande Niterói,3304904,São Gonçalo,4,7,73,2018,4,roubo_veiculo,124.0,219265
810514,-42.970366384999984,-22.796232407999984,Grande Niterói,3304904,São Gonçalo,4,7,74,2018,4,roubo_veiculo,169.0,219315
810515,-42.97640571299996,-22.860173744999944,Grande Niterói,3304904,São Gonçalo,4,7,75,2018,4,roubo_veiculo,129.0,219365
828859,-43.03652377599997,-22.79911572399993,Grande Niterói,3304904,São Gonçalo,4,7,72,2018,1,sequestro,0.0,218630
828860,-43.07746695999998,-22.830884117999968,Grande Niterói,3304904,São Gonçalo,4,7,73,2018,1,sequestro,0.0,218680
828861,-42.970366384999984,-22.796232407999984,Grande Niterói,3304904,São Gonçalo,4,7,74,2018,1,sequestro,0.0,218730
828862,-42.97640571299996,-22.860173744999944,Grande Niterói,3304904,São Gonçalo,4,7,75,2018,1,sequestro,0.0,218780
828863,-43.03652377599997,-22.79911572399993,Grande Niterói,3304904,São Gonçalo,4,7,72,2018,2,sequestro,0.0,218830
828864,-43.07746695999998,-22.830884117999968,Grande Niterói,3304904,São Gonçalo,4,7,73,2018,2,sequestro,0.0,218880
828865,-42.970366384999984,-22.796232407999984,Grande Niterói,3304904,São Gonçalo,4,7,74,2018,2,sequestro,0.0,218930
828866,-42.97640571299996,-22.860173744999944,Grande Niterói,3304904,São Gonçalo,4,7,75,2018,2,sequestro,0.0,218980
828867,-43.03652377599997,-22.79911572399993,Grande Niterói,3304904,São Gonçalo,4,7,72,2018,3,sequestro,0.0,219030
828868,-43.07746695999998,-22.830884117999968,Grande Niterói,3304904,São Gonçalo,4,7,73,2018,3,sequestro,0.0,219080
828869,-42.970366384999984,-22.796232407999984,Grande Niterói,3304904,São Gonçalo,4,7,74,2018,3,sequestro,0.0,219130
828870,-42.97640571299996,-22.860173744999944,Grande Niterói,3304904,São Gonçalo,4,7,75,2018,3,sequestro,0.0,219180
828871,-43.03652377599997,-22.79911572399993,Grande Niterói,3304904,São Gonçalo,4,7,72,2018,4,sequestro,0.0,219230
828872,-43.07746695999998,-22.830884117999968,Grande Niterói,3304904,São Gonçalo,4,7,73,2018,4,sequestro,0.0,219280
828873,-42.970366384999984,-22.796232407999984,Grande Niterói,3304904,São Gonçalo,4,7,74,2018,4,sequestro,0.0,219330
828874,-42.97640571299996,-22.860173744999944,Grande Niterói,3304904,São Gonçalo,4,7,75,2018,4,sequestro,0.0,219380
847218,-43.03652377599997,-22.79911572399993,Grande Niterói,3304904,São Gonçalo,4,7,72,2018,1,sequestro_relampago,0.0,218632
847219,-43.07746695999998,-22.830884117999968,Grande Niterói,3304904,São Gonçalo,4,7,73,2018,1,sequestro_relampago,0.0,218682
847220,-42.970366384999984,-22.796232407999984,Grande Niterói,3304904,São Gonçalo,4,7,74,2018,1,sequestro_relampago,1.0,218732
847221,-42.97640571299996,-22.860173744999944,Grande Niterói,3304904,São Gonçalo,4,7,75,2018,1,sequestro_relampago,0.0,218782
847222,-43.03652377599997,-22.79911572399993,Grande Niterói,3304904,São Gonçalo,4,7,72,2018,2,sequestro_relampago,3.0,218832
847223,-43.07746695999998,-22.830884117999968,Grande Niterói,3304904,São Gonçalo,4,7,73,2018,2,sequestro_relampago,0.0,218882
847224,-42.970366384999984,-22.796232407999984,Grande Niterói,3304904,São Gonçalo,4,7,74,2018,2,sequestro_relampago,0.0,218932
847225,-42.97640571299996,-22.860173744999944,Grande Niterói,3304904,São Gonçalo,4,7,75,2018,2,sequestro_relampago,0.0,218982
847226,-43.03652377599997,-22.79911572399993,Grande Niterói,3304904,São Gonçalo,4,7,72,2018,3,sequestro_relampago,0.0,219032
847227,-43.07746695999998,-22.830884117999968,Grande Niterói,3304904,São Gonçalo,4,7,73,2018,3,sequestro_relampago,0.0,219082
847228,-42.970366384999984,-22.796232407999984,Grande Niterói,3304904,São Gonçalo,4,7,74,2018,3,sequestro_relampago,0.0,219132
847229,-42.97640571299996,-22.860173744999944,Grande Niterói,3304904,São Gonçalo,4,7,75,2018,3,sequestro_relampago,0.0,219182
847230,-43.03652377599997,-22.79911572399993,Grande Niterói,3304904,São Gonçalo,4,7,72,2018,4,sequestro_relampago,0.0,219232
847231,-43.07746695999998,-22.830884117999968,Grande Niterói,3304904,São Gonçalo,4,7,73,2018,4,sequestro_relampago,0.0,219282
847232,-42.970366384999984,-22.796232407999984,Grande Niterói,3304904,São Gonçalo,4,7,74,2018,4,sequestro_relampago,1.0,219332
847233,-42.97640571299996,-22.860173744999944,Grande Niterói,3304904,São Gonçalo,4,7,75,2018,4,sequestro_relampago,0.0,219382
865577,-43.03652377599997,-22.79911572399993,Grande Niterói,3304904,São Gonçalo,4,7,72,2018,1,tentat_hom,7.0,218608
865578,-43.07746695999998,-22.830884117999968,Grande Niterói,3304904,São Gonçalo,4,7,73,2018,1,tentat_hom,8.0,218658
865579,-42.970366384999984,-22.796232407999984,Grande Niterói,3304904,São Gonçalo,4,7,74,2018,1,tentat_hom,19.0,218708
865580,-42.97640571299996,-22.860173744999944,Grande Niterói,3304904,São Gonçalo,4,7,75,2018,1,tentat_hom,15.0,218758
865581,-43.03652377599997,-22.79911572399993,Grande Niterói,3304904,São Gonçalo,4,7,72,2018,2,tentat_hom,2.0,218808
865582,-43.07746695999998,-22.830884117999968,Grande Niterói,3304904,São Gonçalo,4,7,73,2018,2,tentat_hom,11.0,218858
865583,-42.970366384999984,-22.796232407999984,Grande Niterói,3304904,São Gonçalo,4,7,74,2018,2,tentat_hom,7.0,218908
865584,-42.97640571299996,-22.860173744999944,Grande Niterói,3304904,São Gonçalo,4,7,75,2018,2,tentat_hom,6.0,218958
865585,-43.03652377599997,-22.79911572399993,Grande Niterói,3304904,São Gonçalo,4,7,72,2018,3,tentat_hom,9.0,219008
865586,-43.07746695999998,-22.830884117999968,Grande Niterói,3304904,São Gonçalo,4,7,73,2018,3,tentat_hom,12.0,219058
865587,-42.970366384999984,-22.796232407999984,Grande Niterói,3304904,São Gonçalo,4,7,74,2018,3,tentat_hom,12.0,219108
865588,-42.97640571299996,-22.860173744999944,Grande Niterói,3304904,São Gonçalo,4,7,75,2018,3,tentat_hom,14.0,219158
865589,-43.03652377599997,-22.79911572399993,Grande Niterói,3304904,São Gonçalo,4,7,72,2018,4,tentat_hom,13.0,219208
865590,-43.07746695999998,-22.830884117999968,Grande Niterói,3304904,São Gonçalo,4,7,73,2018,4,tentat_hom,5.0,219258
865591,-42.970366384999984,-22.796232407999984,Grande Niterói,3304904,São Gonçalo,4,7,74,2018,4,tentat_hom,10.0,219308
865592,-42.97640571299996,-22.860173744999944,Grande Niterói,3304904,São Gonçalo,4,7,75,2018,4,tentat_hom,11.0,219358
883936,-43.03652377599997,-22.79911572399993,Grande Niterói,3304904,São Gonçalo,4,7,72,2018,1,total_furtos,188.0,218629
883937,-43.07746695999998,-22.830884117999968,Grande Niterói,3304904,São Gonçalo,4,7,73,2018,1,total_furtos,89.0,218679
883938,-42.970366384999984,-22.796232407999984,Grande Niterói,3304904,São Gonçalo,4,7,74,2018,1,total_furtos,126.0,218729
883939,-42.97640571299996,-22.860173744999944,Grande Niterói,3304904,São Gonçalo,4,7,75,2018,1,total_furtos,53.0,218779
883940,-43.03652377599997,-22.79911572399993,Grande Niterói,3304904,São Gonçalo,4,7,72,2018,2,total_furtos,121.0,218829
883941,-43.07746695999998,-22.830884117999968,Grande Niterói,3304904,São Gonçalo,4,7,73,2018,2,total_furtos,63.0,218879
883942,-42.970366384999984,-22.796232407999984,Grande Niterói,3304904,São Gonçalo,4,7,74,2018,2,total_furtos,120.0,218929
883943,-42.97640571299996,-22.860173744999944,Grande Niterói,3304904,São Gonçalo,4,7,75,2018,2,total_furtos,34.0,218979
883944,-43.03652377599997,-22.79911572399993,Grande Niterói,3304904,São Gonçalo,4,7,72,2018,3,total_furtos,158.0,219029
883945,-43.07746695999998,-22.830884117999968,Grande Niterói,3304904,São Gonçalo,4,7,73,2018,3,total_furtos,73.0,219079
883946,-42.970366384999984,-22.796232407999984,Grande Niterói,3304904,São Gonçalo,4,7,74,2018,3,total_furtos,124.0,219129
883947,-42.97640571299996,-22.860173744999944,Grande Niterói,3304904,São Gonçalo,4,7,75,2018,3,total_furtos,22.0,219179
883948,-43.03652377599997,-22.79911572399993,Grande Niterói,3304904,São Gonçalo,4,7,72,2018,4,total_furtos,133.0,219229
883949,-43.07746695999998,-22.830884117999968,Grande Niterói,3304904,São Gonçalo,4,7,73,2018,4,total_furtos,92.0,219279
883950,-42.970366384999984,-22.796232407999984,Grande Niterói,3304904,São Gonçalo,4,7,74,2018,4,total_furtos,120.0,219329
883951,-42.97640571299996,-22.860173744999944,Grande Niterói,3304904,São Gonçalo,4,7,75,2018,4,total_furtos,88.0,219379
902295,-43.03652377599997,-22.79911572399993,Grande Niterói,3304904,São Gonçalo,4,7,72,2018,1,total_roubos,554.0,218625
902296,-43.07746695999998,-22.830884117999968,Grande Niterói,3304904,São Gonçalo,4,7,73,2018,1,total_roubos,446.0,218675
902297,-42.970366384999984,-22.796232407999984,Grande Niterói,3304904,São Gonçalo,4,7,74,2018,1,total_roubos,480.0,218725
902298,-42.97640571299996,-22.860173744999944,Grande Niterói,3304904,São Gonçalo,4,7,75,2018,1,total_roubos,397.0,218775
902299,-43.03652377599997,-22.79911572399993,Grande Niterói,3304904,São Gonçalo,4,7,72,2018,2,total_roubos,506.0,218825
902300,-43.07746695999998,-22.830884117999968,Grande Niterói,3304904,São Gonçalo,4,7,73,2018,2,total_roubos,368.0,218875
902301,-42.970366384999984,-22.796232407999984,Grande Niterói,3304904,São Gonçalo,4,7,74,2018,2,total_roubos,452.0,218925
902302,-42.97640571299996,-22.860173744999944,Grande Niterói,3304904,São Gonçalo,4,7,75,2018,2,total_roubos,326.0,218975
902303,-43.03652377599997,-22.79911572399993,Grande Niterói,3304904,São Gonçalo,4,7,72,2018,3,total_roubos,608.0,219025
902304,-43.07746695999998,-22.830884117999968,Grande Niterói,3304904,São Gonçalo,4,7,73,2018,3,total_roubos,464.0,219075
902305,-42.970366384999984,-22.796232407999984,Grande Niterói,3304904,São Gonçalo,4,7,74,2018,3,total_roubos,567.0,219125
902306,-42.97640571299996,-22.860173744999944,Grande Niterói,3304904,São Gonçalo,4,7,75,2018,3,total_roubos,336.0,219175
902307,-43.03652377599997,-22.79911572399993,Grande Niterói,3304904,São Gonçalo,4,7,72,2018,4,total_roubos,478.0,219225
902308,-43.07746695999998,-22.830884117999968,Grande Niterói,3304904,São Gonçalo,4,7,73,2018,4,total_roubos,450.0,219275
902309,-42.970366384999984,-22.796232407999984,Grande Niterói,3304904,São Gonçalo,4,7,74,2018,4,total_roubos,529.0,219325
902310,-42.97640571299996,-22.860173744999944,Grande Niterói,3304904,São Gonçalo,4,7,75,2018,4,total_roubos,599.0,219375
